user_id_placeholder,user_guid,_person_details_obj,_username_suffix_uuid_part,password_hash,livekitRoomName,_avatar_uuid,seller_rating,buyer_rating,stripe_customer_id,created_at,last_login,is_verified,is_banned,full_name,profile_picture_url,updated_at,username_raw,email,bio
1,usr-2e36bf40,"{'age': 68, 'bachelors_field': 'no degree', 'birth_date': '1957-01-15', 'city': 'Bronx', 'country': 'USA', 'county': 'Bronx County', 'education_level': 'less_than_9th', 'email_address': 'kniez@protonmail.com', 'ethnic_background': 'east asian', 'first_name': 'Ku', 'last_name': 'Niez', 'locale': 'en_US', 'marital_status': 'married_present', 'middle_name': '', 'occupation': 'hairdresser_hairstylist_or_cosmetologist', 'phone_number': '929-506-2232', 'sex': 'Female', 'ssn': '065-71-9848', 'state': 'NY', 'street_name': 'Holabird Ave', 'street_number': 21, 'unit': '', 'uuid': 'dec4fce3-5001-4d5e-967f-47e5565fdc35', 'zipcode': '10472'}",80528e29,placeholder_hash_ac2a3819de2f4d7fbf4b00ab608f71ed,lk_user_e4a8c027,d64b90ce,3.0025004664903503,4.063813907858036,cus_39472ed196c844f2a65bd927ac382c33,2022-07-25,2023-11-28,1,0,Ku Niez,'https://synthetic-avatars.com/user_pics/' + _avatar_uuid + '.png',2022-07-25,ku_niez_1984,ku_niez_1984@outlook.com,Ku Niez (ku_niez_1984) is a passionate vintage fashion enthusiast who loves sharing unique finds and styling tips with fellow fashion lovers.
1,usr-da671625,"{'age': 51, 'bachelors_field': 'no degree', 'birth_date': '1974-02-03', 'city': 'San Antonio', 'country': 'USA', 'county': 'Bexar County', 'education_level': 'high_school', 'email_address': 'juanita.tran@gmail.com', 'ethnic_background': 'southeast asian', 'first_name': 'Juanita', 'last_name': 'Tran', 'locale': 'en_US', 'marital_status': 'married_present', 'middle_name': '', 'occupation': 'educational_guidance_or_career_counselor_or_advisor', 'phone_number': '726-700-5280', 'sex': 'Female', 'ssn': '449-09-5190', 'state': 'TX', 'street_name': 'North Via Mia', 'street_number': 15, 'unit': 'Apt 117', 'uuid': '1a22900d-8513-4a94-8dd9-457b15ddb512', 'zipcode': '78230'}",36373c1f,placeholder_hash_e1ea4ca7f4524383826c4588bf2344a4,lk_user_f431d2d6,918720b4,3.6073649075275953,4.056012202279818,cus_cc30b7e61c5a40d6b1ebe83ef8694b8d,2022-04-06,2023-09-26,0,0,Juanita Tran,'https://synthetic-avatars.com/user_pics/' + _avatar_uuid + '.png',2022-04-06,juanita_tran19,juanita_tran19@gmail.com,Juanita Tran is a passionate home cook who loves sharing her delicious recipes and kitchen hacks. She's on a mission to make your meals more fun and flavorful!
1,usr-441f0b7e,"{'age': 67, 'bachelors_field': 'stem_related', 'birth_date': '1958-02-19', 'city': 'Ben Wheeler', 'country': 'USA', 'county': 'Van Zandt County', 'education_level': 'graduate', 'email_address': 'david_lejeune@yahoo.com', 'ethnic_background': 'white', 'first_name': 'David', 'last_name': 'Lejeune', 'locale': 'en_US', 'marital_status': 'married_present', 'middle_name': 'Joseph', 'occupation': 'painter_or_paperhanger', 'phone_number': '903-384-6187', 'sex': 'Male', 'ssn': '459-28-3605', 'state': 'TX', 'street_name': 'East Iron Horse Court', 'street_number': 133, 'unit': '', 'uuid': '585ccb75-19e0-4a2b-82ed-582023478e8f', 'zipcode': '75754'}",b676183c,placeholder_hash_304d739ebb5a42e4aa7c6f2b0790f3de,lk_user_b1753796,d35501a2,4.688494305068501,3.754190718114256,cus_ead8bac0495a4aafb0a410b4a19d8517,2022-08-24,2023-08-28,1,0,David Lejeune,'https://synthetic-avatars.com/user_pics/' + _avatar_uuid + '.png',2022-08-24,david_lejeune89,david_lejeune89@outlook.com,"David Lejeune is a passionate photographer and avid traveler, always seeking the next adventure. He shares his journey through the lens, capturing the world one frame at a time."
1,usr-856e1aa6,"{'age': 20, 'bachelors_field': 'no degree', 'birth_date': '2004-07-07', 'city': 'Juncos', 'country': 'USA', 'county': 'Juncos Municipio', 'education_level': 'high_school', 'email_address': 'kelvinantonio@icloud.com', 'ethnic_background': 'puerto rican', 'first_name': 'Kelvin', 'last_name': 'Pena', 'locale': 'en_US', 'marital_status': 'never_married', 'middle_name': 'Antonio', 'occupation': 'retail_salesperson', 'phone_number': '787-358-7286', 'sex': 'Male', 'ssn': '593-29-6981', 'state': 'PR', 'street_name': 'Vereda Real', 'street_number': 118, 'unit': 'James Bond', 'uuid': '8ce94e41-853d-4fca-9d3c-121fea73d6f7', 'zipcode': '00777'}",42839309,placeholder_hash_85919d4b45464a1499e9d8e7167ebdb1,lk_user_3e253f69,9673f55d,3.170048320271648,4.051393029610618,cus_eccc0ba71690481da748f8d4009085d5,2022-09-26,2023-11-04,0,0,Kelvin Pena,'https://synthetic-avatars.com/user_pics/' + _avatar_uuid + '.png',2022-09-26,kelvin_pena_88,kelvin_pena_88@gmail.com,Kelvin Pena (kelvin_pena_88) is a tech enthusiast always on the hunt for the latest gadgets and accessories. He loves sharing his finds and helping others level up their tech game.
1,usr-b906ebde,"{'age': 44, 'bachelors_field': 'business', 'birth_date': '1981-05-18', 'city': 'North Las Vegas', 'country': 'USA', 'county': 'Clark County', 'education_level': 'graduate', 'email_address': 'tannerk1981@gmail.com', 'ethnic_background': 'latin american indian', 'first_name': 'Karen', 'last_name': 'Tanner', 'locale': 'en_US', 'marital_status': 'never_married', 'middle_name': 'K', 'occupation': 'emergency_management_director', 'phone_number': '930-933-4860', 'sex': 'Female', 'ssn': '530-15-5161', 'state': 'NV', 'street_name': 'S 1100 E', 'street_number': 24, 'unit': '', 'uuid': '0d281d87-0f73-4685-bace-7c95f9f0211e', 'zipcode': '89031'}",81c209ac,placeholder_hash_eeffd176ef784e5ca60de060f5cae417,lk_user_47500567,b819cf44,3.1029083428243727,3.890393934723897,cus_613127931d5445e9a952e42792a32e5d,2023-04-17,2023-12-01,0,0,Karen Tanner,'https://synthetic-avatars.com/user_pics/' + _avatar_uuid + '.png',2023-04-17,karen_tanner1983,karen_tanner1983@outlook.com,"Karen Tanner (@karen_tanner1983) is a vintage fashion enthusiast, always on the hunt for unique pieces to add to her collection. She loves sharing her finds with the community and helping others style their own vintage looks."
1,usr-6665bd40,"{'age': 36, 'bachelors_field': 'no degree', 'birth_date': '1988-08-12', 'city': 'Montello', 'country': 'USA', 'county': 'Green Lake County', 'education_level': 'some_college', 'email_address': 'jeffrey.rentschler@yahoo.com', 'ethnic_background': 'white', 'first_name': 'Jeffrey', 'last_name': 'Rentschler', 'locale': 'en_US', 'marital_status': 'never_married', 'middle_name': 'J', 'occupation': 'mathematical_science_occupation', 'phone_number': '715-585-8166', 'sex': 'Male', 'ssn': '395-51-3482', 'state': 'WI', 'street_name': 'United States Highway 231', 'street_number': 161, 'unit': '', 'uuid': 'a063bb3f-c180-41b5-8021-a96ae9210af3', 'zipcode': '53949'}",703c5144,placeholder_hash_98fcc9c213614620bca6b775a230eb49,lk_user_82c23766,56ee5cff,3.923615227875189,3.997494272480513,cus_8bac1ba6b3fe4248aa3dabcb0b8d34d8,2022-08-22,2023-10-29,1,0,Jeffrey Rentschler,'https://synthetic-avatars.com/user_pics/' + _avatar_uuid + '.png',2022-08-22,jeff_renchler88,jeff_renchler88@outlook.com,Jeffrey Rentschler (@jeff_renchler88) is a passionate outdoorsman who loves sharing his adventures and gear recommendations with fellow enthusiasts. He's always up for a hike and never leaves home without his trusty camera.
1,usr-b6e3ac3f,"{'age': 37, 'bachelors_field': 'no degree', 'birth_date': '1987-09-01', 'city': 'Conway', 'country': 'USA', 'county': 'Perry County', 'education_level': 'some_college', 'email_address': 'rhoff87@protonmail.com', 'ethnic_background': 'white', 'first_name': 'Roger', 'last_name': 'Hoff', 'locale': 'en_US', 'marital_status': 'separated', 'middle_name': 'Mack', 'occupation': 'cleaner_of_vehicle_or_equipment', 'phone_number': '501-931-0003', 'sex': 'Male', 'ssn': '431-23-7542', 'state': 'AR', 'street_name': 'Allen Dr', 'street_number': 55, 'unit': '', 'uuid': 'da7cb392-f8c8-466b-8725-08d284864638', 'zipcode': '72034'}",4db8b675,placeholder_hash_2e88f30e5da144e9a4b8e6e91f50d5c9,lk_user_e202f7ab,6ab0da98,3.096444543098205,4.085689392937594,cus_c17c700fadb748de9f0a6f9f1a0688ba,2022-04-20,2023-07-11,1,0,Roger Hoff,'https://synthetic-avatars.com/user_pics/' + _avatar_uuid + '.png',2022-04-20,roger_hoff88,roger_hoff88@outlook.com,"Roger Hoff (roger_hoff88) is a vintage tech enthusiast who loves sharing his curated collection of retro gadgets.

Roger Hoff (roger_hoff88) is on a mission to help others find unique, handcrafted treasures from artisans around the world."
1,usr-d0668a0a,"{'age': 79, 'bachelors_field': 'arts_humanities', 'birth_date': '1945-07-05', 'city': 'Denver', 'country': 'USA', 'county': 'Jefferson County', 'education_level': 'bachelors', 'email_address': 'evitaclark1945@hotmail.com', 'ethnic_background': 'white', 'first_name': 'Evita', 'last_name': 'Clark', 'locale': 'en_US', 'marital_status': 'married_present', 'middle_name': 'Grace', 'occupation': 'claims_adjuster_appraiser_examiner_or_investigator', 'phone_number': '983-593-9653', 'sex': 'Female', 'ssn': '521-93-4755', 'state': 'CO', 'street_name': 'Lake Ridge Dr', 'street_number': 138, 'unit': 'Apt 714', 'uuid': '5729a319-6b84-46c3-96ee-a449b8dae670', 'zipcode': '80226'}",5647e662,placeholder_hash_8916a18fa09e4038a1eea86e903e40f6,lk_user_9a57386a,3cd77487,3.964284524409432,4.922791779815461,cus_e4ecc4ac7553417a818afc0bf1d9d3bb,2022-06-13,2023-08-14,0,1,Evita Clark,'https://synthetic-avatars.com/user_pics/' + _avatar_uuid + '.png',2022-06-13,evita_clark77,evita_clark77@gmail.com,"Evita Clark (@evita_clark77) is a vintage fashion enthusiast who loves sharing her unique finds with the world. She believes that every piece of clothing tells a story, and she's always on the hunt for the next great tale."
1,usr-47580ba2,"{'age': 29, 'bachelors_field': 'stem', 'birth_date': '1996-03-08', 'city': 'Memphis', 'country': 'USA', 'county': 'Shelby County', 'education_level': 'graduate', 'email_address': 'dianerivers96@gmail.com', 'ethnic_background': 'black', 'first_name': 'Diane', 'last_name': 'Rivers', 'locale': 'en_US', 'marital_status': 'married_present', 'middle_name': 'Kara', 'occupation': 'management_analyst', 'phone_number': '901-481-1473', 'sex': 'Female', 'ssn': '415-67-9608', 'state': 'TN', 'street_name': 'Oak Ridge Hwy', 'street_number': 27, 'unit': '', 'uuid': '808f8461-0dc9-4c6a-8e50-9aeceee05562', 'zipcode': '38103'}",5837514b,placeholder_hash_7f0e854597bb4fa2b449b15b60754087,lk_user_a7e548a3,74a4d1e6,3.0098944121675397,4.554772153657442,cus_16a888b55ee1435b81bb44fef8a1ee25,2022-12-26,2023-07-28,1,0,Diane Rivers,'https://synthetic-avatars.com/user_pics/' + _avatar_uuid + '.png',2022-12-26,diane_rivers_22,diane_rivers_22@gmail.com,"Diane Rivers is a vintage fashion enthusiast, with a shop full of unique, handpicked treasures for you to love."
1,usr-e3019d98,"{'age': 52, 'bachelors_field': 'no degree', 'birth_date': '1973-01-23', 'city': 'Raynham', 'country': 'USA', 'county': 'Plymouth County', 'education_level': 'high_school', 'email_address': 'donaldllekan@icloud.com', 'ethnic_background': 'white', 'first_name': 'Donald', 'last_name': 'Lekan', 'locale': 'en_US', 'marital_status': 'divorced', 'middle_name': 'Lockwood', 'occupation': 'purchasing_agent', 'phone_number': '612-726-5589', 'sex': 'Male', 'ssn': '020-61-2869', 'state': 'MA', 'street_name': 'Crestview Circle', 'street_number': 19, 'unit': '2', 'uuid': '1a89eb75-3b52-4a56-a9e7-90f0d21fce7d', 'zipcode': '02767'}",ce7aa78f,placeholder_hash_c116348cae5f4280893224f44c561ee8,lk_user_77754fc5,14f3df1b,4.470310740134764,3.6158749983145615,cus_23178f4e4fcc40fdb7b089fb4e3c1a3b,2022-09-21,2023-11-12,1,0,Donald Lekan,'https://synthetic-avatars.com/user_pics/' + _avatar_uuid + '.png',2022-09-21,donald_lekan_22,donald_lekan_22@outlook.com,"Donald Lekan is a tech enthusiast with a passion for vintage sneakers, always on the hunt for rare finds.  He loves to share his finds and knowledge with the community."
1,usr-69a2ae0b,"{'age': 57, 'bachelors_field': 'no degree', 'birth_date': '1967-12-17', 'city': 'Binghamton', 'country': 'USA', 'county': 'Broome County', 'education_level': 'some_college', 'email_address': 'ceasar.mercado17@icloud.com', 'ethnic_background': 'white', 'first_name': 'Ceasar', 'last_name': 'Mercado', 'locale': 'en_US', 'marital_status': 'married_present', 'middle_name': 'Lee', 'occupation': 'driver_sales_worker_or_truck_driver', 'phone_number': '607-542-3434', 'sex': 'Male', 'ssn': '076-52-1253', 'state': 'NY', 'street_name': 'Bendersville-Wenksville Rd', 'street_number': 338, 'unit': '', 'uuid': '798d2d20-6a0b-4f72-90a9-b26de5bb3b47', 'zipcode': '13905'}",c662a1f4,placeholder_hash_aaae561fc8f849a4a1b235a034dc88ac,lk_user_7b28f57c,84448fc4,4.093033258232962,4.411042567366184,cus_127a444eb5d847509c58cfd60f2ab7c9,2022-11-30,2023-07-02,1,0,Ceasar Mercado,'https://synthetic-avatars.com/user_pics/' + _avatar_uuid + '.png',2022-11-30,ceasar_merc50,ceasar_merc50@gmail.com,"Ceasar Mercado (ceasar_merc50) is a thrill-seeking adventurer, always on the hunt for the next big wave or epic hike.

He is sharing his passion for the outdoors through his online store."
1,usr-937dbcc0,"{'age': 39, 'bachelors_field': 'business', 'birth_date': '1985-12-18', 'city': 'Vienna', 'country': 'USA', 'county': 'Fairfax County', 'education_level': 'graduate', 'email_address': 'hassenzahld18@icloud.com', 'ethnic_background': 'white', 'first_name': 'Daniel', 'last_name': 'Hassenzahl', 'locale': 'en_US', 'marital_status': 'married_present', 'middle_name': 'Ronald', 'occupation': 'hairdresser_hairstylist_or_cosmetologist', 'phone_number': '703-682-8843', 'sex': 'Male', 'ssn': '223-98-0068', 'state': 'VA', 'street_name': '14th Avenue Southwest Drive', 'street_number': 143, 'unit': '', 'uuid': 'f4365b94-2dae-4c0b-a4bf-70941ed514d9', 'zipcode': '22181'}",5ff22b07,placeholder_hash_51adab1cfcb64024a274e0e696b6667a,lk_user_f559fd56,c2139d3c,3.964274423928933,3.554391348182813,cus_ff40bfe51d3f4b5d9bea55eb6a39e2aa,2022-11-14,2023-08-07,1,0,Daniel Hassenzahl,'https://synthetic-avatars.com/user_pics/' + _avatar_uuid + '.png',2022-11-14,daniel_zen42,daniel_zen42@gmail.com,Daniel Hassenzahl (daniel_zen42) is a tech enthusiast who loves sharing the latest gadgets and innovations. He's always on the hunt for the next big thing in wearable technology.
1,usr-075438cc,"{'age': 40, 'bachelors_field': 'arts_humanities', 'birth_date': '1985-05-12', 'city': 'Teaneck', 'country': 'USA', 'county': 'Bergen County', 'education_level': 'graduate', 'email_address': 'jimmyrkramer@yahoo.com', 'ethnic_background': 'white', 'first_name': 'Jimmy', 'last_name': 'Kramer', 'locale': 'en_US', 'marital_status': 'married_present', 'middle_name': 'R', 'occupation': 'construction_laborer', 'phone_number': '551-510-5368', 'sex': 'Male', 'ssn': '150-04-0675', 'state': 'NJ', 'street_name': 'Brawny St', 'street_number': 8, 'unit': '', 'uuid': '79aed1a5-80c7-46a3-91cb-47af06e50dde', 'zipcode': '07666'}",b1b3a061,placeholder_hash_23aab1c443e94f299b68711e3b757f7d,lk_user_712b707f,0c3ecedb,3.8457258220694905,4.020325820160183,cus_0a3253694f5b457a8e4849eec9dfedb9,2022-08-29,2023-07-17,0,0,Jimmy Kramer,'https://synthetic-avatars.com/user_pics/' + _avatar_uuid + '.png',2022-08-29,jazz_jimmy_75,jazz_jimmy_75@outlook.com,"Jimmy Kramer (jazz_jimmy_75) is a seasoned jazz enthusiast, sharing his passion for vintage vinyl and live performances from the comfort of his home."
1,usr-fc4a2cf1,"{'age': 37, 'bachelors_field': 'no degree', 'birth_date': '1988-05-08', 'city': 'Liberty', 'country': 'USA', 'county': 'Clay County', 'education_level': '9th_12th_no_diploma', 'email_address': 'ronald.carender63@hotmail.com', 'ethnic_background': 'white', 'first_name': 'Ronald', 'last_name': 'Carender', 'locale': 'en_US', 'marital_status': 'never_married', 'middle_name': 'D', 'occupation': 'retail_salesperson', 'phone_number': '816-924-9135', 'sex': 'Male', 'ssn': '493-14-7170', 'state': 'MO', 'street_name': 'S 19th St', 'street_number': 26, 'unit': '', 'uuid': '8cbb5af2-c01e-45ea-b1eb-b71d3215f931', 'zipcode': '64068'}",abdb9b6f,placeholder_hash_6135c0af8e2b42dca954b2753c3d2115,lk_user_bd482af8,94c6a95d,4.054984416994558,4.401757250200375,cus_303590660278470d8e947a600de00aae,2023-03-13,2023-10-23,0,0,Ronald Carender,'https://synthetic-avatars.com/user_pics/' + _avatar_uuid + '.png',2023-03-13,ronald_glow_23,ronald_glow_23@outlook.com,"Ronald Carender, aka ronald_glow_23, is a glow-in-the-dark art enthusiast, bringing a unique and vibrant energy to his creations.  He loves sharing his passion for art and spreading positivity."
1,usr-7ffac22b,"{'age': 27, 'bachelors_field': 'no degree', 'birth_date': '1997-10-18', 'city': 'Oxnard', 'country': 'USA', 'county': 'Ventura County', 'education_level': 'high_school', 'email_address': 'raulamartinez18@gmail.com', 'ethnic_background': 'puerto rican', 'first_name': 'Raul', 'last_name': 'Martinez', 'locale': 'en_US', 'marital_status': 'never_married', 'middle_name': 'Adrian', 'occupation': 'miscellaneous_vehicle_or_mobile_equipment_mechanic_installer_or_repairer', 'phone_number': '805-584-4357', 'sex': 'Male', 'ssn': '572-15-5455', 'state': 'CA', 'street_name': 'Hillview Dr', 'street_number': 113, 'unit': 'Rm 301G', 'uuid': 'bd70b751-6373-4fb7-a1bc-a718b0fd7ddc', 'zipcode': '93036'}",5f6b1f49,placeholder_hash_517141c93a6e43da8f71254e361dc480,lk_user_62221e49,db2d9bc3,4.581237554535157,4.305781827609515,cus_4d650ec8545247a6b0777514800883ed,2023-02-22,2023-11-23,1,0,Raul Martinez,'https://synthetic-avatars.com/user_pics/' + _avatar_uuid + '.png',2023-02-22,raul_veloz_85,raul_veloz_85@outlook.com,"Raul Martinez (@raul_veloz_85) is a passionate vintage car enthusiast who loves sharing his unique finds.

He's also a self proclaimed 'sneakerhead' and loves to share his latest discoveries."
1,usr-d4fc6324,"{'age': 71, 'bachelors_field': 'no degree', 'birth_date': '1953-09-13', 'city': 'Westlake Village', 'country': 'USA', 'county': 'Los Angeles County', 'education_level': 'some_college', 'email_address': 'gay.revisky@gmail.com', 'ethnic_background': 'white', 'first_name': 'Gay', 'last_name': 'Revisky', 'locale': 'en_US', 'marital_status': 'widowed', 'middle_name': 'E', 'occupation': 'physical_scientist', 'phone_number': '747-423-6474', 'sex': 'Female', 'ssn': '564-63-6809', 'state': 'CA', 'street_name': 'W Fay Ln', 'street_number': 120, 'unit': '', 'uuid': '6c84cb24-a0d6-4153-8027-98d60e1c76f4', 'zipcode': '91361'}",67a69483,placeholder_hash_02070f88547f420389cb476aa9f6eeac,lk_user_1f7af1bb,7e493239,4.8142855011553065,4.916269513951381,cus_ce8dc678a09a4aa5a646c88399f3b755,2022-06-12,2023-11-21,1,0,Gay Revisky,'https://synthetic-avatars.com/user_pics/' + _avatar_uuid + '.png',2022-06-12,gayrevisky_velvet12,gayrevisky_velvet12@outlook.com,"Gay Revisky (gayrevisky_velvet12) is a vintage fashion enthusiast, curating timeless pieces that spark joy.

She is also a cat lover, and is known to feature her cats in her posts."
1,usr-b6b7a003,"{'age': 71, 'bachelors_field': 'no degree', 'birth_date': '1954-05-11', 'city': 'Monterey Park', 'country': 'USA', 'county': 'Los Angeles County', 'education_level': 'less_than_9th', 'email_address': 'yewang73@protonmail.com', 'ethnic_background': 'east asian', 'first_name': 'Ye', 'last_name': 'Wang', 'locale': 'en_US', 'marital_status': 'never_married', 'middle_name': 'Nepomuceno', 'occupation': 'driver_sales_worker_or_truck_driver', 'phone_number': '626-518-7203', 'sex': 'Male', 'ssn': '559-75-7682', 'state': 'CA', 'street_name': 'Normal Ave', 'street_number': 85, 'unit': '', 'uuid': '4b91601c-4627-4469-9d3a-9f61f78ea3e2', 'zipcode': '91754'}",86817dc3,placeholder_hash_c1fdca32f3c64b16b6dd016031922ab3,lk_user_dbcbb5c0,19ba8c3d,4.512180672759874,4.891521290469735,cus_b5bec50e72a94ab5a70db5bc229fd691,2022-06-27,2023-11-28,0,0,Ye Wang,'https://synthetic-avatars.com/user_pics/' + _avatar_uuid + '.png',2022-06-27,ye_wang1990,ye_wang1990@outlook.com,"Ye Wang is a passionate photographer who loves capturing the beauty of nature, and enjoys sharing his work with the community."
1,usr-f1ddcacd,"{'age': 62, 'bachelors_field': 'no degree', 'birth_date': '1962-11-24', 'city': 'North Aurora', 'country': 'USA', 'county': 'Kane County', 'education_level': 'associates', 'email_address': 'dorisevelyn@yahoo.com', 'ethnic_background': 'white', 'first_name': 'Doris', 'last_name': 'Hill', 'locale': 'en_US', 'marital_status': 'married_present', 'middle_name': 'Evelyn', 'occupation': 'elementary_or_middle_school_teacher', 'phone_number': '331-393-4347', 'sex': 'Female', 'ssn': '319-76-9817', 'state': 'IL', 'street_name': 'Sunderland Rd', 'street_number': 124, 'unit': '', 'uuid': 'a4bd9941-261b-412d-8b7d-b61d62526b94', 'zipcode': '60542'}",c5f9c792,placeholder_hash_f512372b72da4b8c80dec743e1465995,lk_user_71748e5b,becffae3,3.711512708128041,4.99248439715032,cus_6bce1edd10fa4409b509accd598eb2fa,2023-06-03,2023-08-20,0,0,Doris Hill,'https://synthetic-avatars.com/user_pics/' + _avatar_uuid + '.png',2023-06-03,doris_hill99,doris_hill99@gmail.com,"Doris Hill (doris_hill99) is a passionate vintage enthusiast, always on the hunt for unique treasures to share with the community. Her feed is a curated collection of timeless finds and inspiring stories from the past."
1,usr-2659d7eb,"{'age': 52, 'bachelors_field': 'no degree', 'birth_date': '1973-04-04', 'city': 'Fort Lauderdale', 'country': 'USA', 'county': 'Broward County', 'education_level': '9th_12th_no_diploma', 'email_address': 'bwhite3@icloud.com', 'ethnic_background': 'white', 'first_name': 'Brent', 'last_name': 'White', 'locale': 'en_US', 'marital_status': 'married_present', 'middle_name': 'Abdelhamid', 'occupation': 'accountant_or_auditor', 'phone_number': '954-363-0329', 'sex': 'Male', 'ssn': '266-08-7423', 'state': 'FL', 'street_name': '11th Ave N', 'street_number': 41, 'unit': '', 'uuid': '21b91b27-c7b9-4f7d-a399-07717aa8cf8e', 'zipcode': '33321'}",ace749b8,placeholder_hash_56550e4346bc4f7a972a50da627a185c,lk_user_de4187bd,cc55facf,4.558672166499497,4.5311017906326825,cus_4a26284ce7ad49f39e93619b6485d710,2022-11-25,2023-07-21,1,0,Brent White,'https://synthetic-avatars.com/user_pics/' + _avatar_uuid + '.png',2022-11-25,brent_whitesky_73,brent_whitesky_73@outlook.com,"Brent White (brent_whitesky_73) is a passionate outdoorsman and vintage camera collector.

He is always on the hunt for the next big find."
1,usr-a24e3ea8,"{'age': 26, 'bachelors_field': 'no degree', 'birth_date': '1999-01-26', 'city': 'Greentown', 'country': 'USA', 'county': 'Pike County', 'education_level': 'some_college', 'email_address': 'louisddabney98@gmail.com', 'ethnic_background': 'white', 'first_name': 'Louis', 'last_name': 'Dabney', 'locale': 'en_US', 'marital_status': 'married_present', 'middle_name': 'Dale', 'occupation': 'sales_or_related_worker', 'phone_number': '570-409-2383', 'sex': 'Male', 'ssn': '190-86-1780', 'state': 'PA', 'street_name': 'Arion Court', 'street_number': 794, 'unit': '', 'uuid': 'f075cf23-54b5-44d5-aa6d-10ef280271df', 'zipcode': '18426'}",024f0516,placeholder_hash_055db9044bc24df5b0e20ab9f36e1e4d,lk_user_4c51da30,69fee395,3.819314065593084,3.7807028281275135,cus_80a6c98cf06c424cb16de7a9029b23fe,2022-12-23,2023-07-06,0,0,Louis Dabney,'https://synthetic-avatars.com/user_pics/' + _avatar_uuid + '.png',2022-12-23,louis_dabney_73,louis_dabney_73@outlook.com,Louis Dabney is a vintage car enthusiast and collector. He's always on the hunt for the next hidden gem to add to his garage.
1,usr-68561ff8,"{'age': 27, 'bachelors_field': 'no degree', 'birth_date': '1997-06-09', 'city': 'Chardon', 'country': 'USA', 'county': 'Lake County', 'education_level': 'some_college', 'email_address': 'savasukd97@gmail.com', 'ethnic_background': 'white', 'first_name': 'Dion', 'last_name': 'Savasuk', 'locale': 'en_US', 'marital_status': 'married_present', 'middle_name': 'Lee', 'occupation': 'driver_sales_worker_or_truck_driver', 'phone_number': '440-317-8906', 'sex': 'Male', 'ssn': '300-82-0125', 'state': 'OH', 'street_name': 'Kipling Ave', 'street_number': 165, 'unit': 'Apt', 'uuid': '7feda79d-74f8-4896-a9b0-e0ce11fd6d83', 'zipcode': '44024'}",02a1b113,placeholder_hash_d6880ff984de457a820efe286517b885,lk_user_6d13a25d,ab8bc325,3.9326521842044,4.596415458465735,cus_caa6f9bec8044d958a04a4966c08c769,2022-12-30,2023-07-13,1,0,Dion Savasuk,'https://synthetic-avatars.com/user_pics/' + _avatar_uuid + '.png',2022-12-30,dion_savasuk64,dion_savasuk64@outlook.com,"Dion Savasuk (@dion_savasuk64) is a vintage car enthusiast who loves sharing his classic rides with the world. When he's not restoring old cars, he's exploring new trails on his mountain bike."
1,usr-2dea68c0,"{'age': 49, 'bachelors_field': 'no degree', 'birth_date': '1975-10-25', 'city': 'Dietrich', 'country': 'USA', 'county': 'Lincoln County', 'education_level': 'high_school', 'email_address': 'juanh60@gmail.com', 'ethnic_background': 'mexican', 'first_name': 'Juan', 'last_name': 'Hernandez', 'locale': 'en_US', 'marital_status': 'married_present', 'middle_name': '', 'occupation': 'retail_salesperson', 'phone_number': '803-304-7690', 'sex': 'Male', 'ssn': '519-71-9459', 'state': 'ID', 'street_name': 'Stream Side Way', 'street_number': 299, 'unit': '', 'uuid': '490a169d-e0fa-454d-8161-81fceb3027de', 'zipcode': '83324'}",cc697d38,placeholder_hash_d14a211d91f4424f864108d1e37c81d6,lk_user_43ea8090,3c11bd40,3.779853264531482,3.5852410518992435,cus_724036b57eb446a2b85d06cb3d1066bc,2022-09-22,2023-11-08,1,0,Juan Hernandez,'https://synthetic-avatars.com/user_pics/' + _avatar_uuid + '.png',2022-09-22,juan_hernandez19,juan_hernandez19@gmail.com,Juan Hernandez (juan_hernandez19) is a passionate cyclist who loves sharing his latest gear finds.
1,usr-7914ca72,"{'age': 50, 'bachelors_field': 'no degree', 'birth_date': '1974-12-04', 'city': 'Palestine', 'country': 'USA', 'county': 'Anderson County', 'education_level': 'some_college', 'email_address': 'samuelwashburnfussman@gmail.com', 'ethnic_background': 'white', 'first_name': 'Samuel', 'last_name': 'Fussman', 'locale': 'en_US', 'marital_status': 'divorced', 'middle_name': 'Washburn', 'occupation': 'healthcare_support_worker', 'phone_number': '903-787-5161', 'sex': 'Male', 'ssn': '454-19-7752', 'state': 'TX', 'street_name': 'Sunset Road', 'street_number': 53, 'unit': '', 'uuid': '17e7105a-ec67-4384-8480-0d06371c7787', 'zipcode': '75803'}",95be753f,placeholder_hash_d7e00afcd5fc42a1930fc2c65d123b0f,lk_user_3ad723b3,6f7758d1,4.16204992001838,4.173314240857797,cus_de528d2383e54048908ef9a3a125c8e4,2023-03-13,2023-12-18,1,0,Samuel Fussman,'https://synthetic-avatars.com/user_pics/' + _avatar_uuid + '.png',2023-03-13,sam_fussman77,sam_fussman77@outlook.com,"Samuel Fussman (sam_fussman77) is a vintage car enthusiast who loves sharing his restoration projects and classic car adventures. When he's not working on cars, he's exploring new coffee shops and sharing his favorite brews with fellow coffee lovers."
1,usr-396286a8,"{'age': 29, 'bachelors_field': 'stem', 'birth_date': '1995-07-10', 'city': 'Cleveland', 'country': 'USA', 'county': 'Cuyahoga County', 'education_level': 'bachelors', 'email_address': 'kedrickbridgewater95@gmail.com', 'ethnic_background': 'black', 'first_name': 'Kedrick', 'last_name': 'Bridgewater', 'locale': 'en_US', 'marital_status': 'never_married', 'middle_name': '', 'occupation': 'tree_trimmer_or_pruner', 'phone_number': '216-353-4438', 'sex': 'Male', 'ssn': '290-27-4328', 'state': 'OH', 'street_name': 'Gower Rd', 'street_number': 119, 'unit': '5', 'uuid': 'ea85400c-857a-4579-b07f-ecaa67817fe4', 'zipcode': '44128'}",63aae32f,placeholder_hash_c43636f052b84bd489a2539759e74e3a,lk_user_40182cd1,99579c43,4.585335809177748,4.995249034677873,cus_24c7930d96ad40c0ae99ceb0c64069dd,2022-03-14,2023-12-28,1,0,Kedrick Bridgewater,'https://synthetic-avatars.com/user_pics/' + _avatar_uuid + '.png',2022-03-14,kedrick_bridge8,kedrick_bridge8@gmail.com,Kedrick Bridgewater (@kedrick_bridge8) is a thrift store enthusiast sharing unique vintage finds and upcycled treasures.
1,usr-0d757a3f,"{'age': 43, 'bachelors_field': 'no degree', 'birth_date': '1981-10-22', 'city': 'Carlisle', 'country': 'USA', 'county': 'Bourbon County', 'education_level': 'some_college', 'email_address': 'edwardharoldstotler@icloud.com', 'ethnic_background': 'white', 'first_name': 'Edward', 'last_name': 'Stotler', 'locale': 'en_US', 'marital_status': 'married_present', 'middle_name': 'Harold', 'occupation': 'customer_service_representative', 'phone_number': '859-930-5612', 'sex': 'Male', 'ssn': '403-42-9957', 'state': 'KY', 'street_name': 'North Main Street', 'street_number': 384, 'unit': '', 'uuid': 'fec61143-9535-4fd8-ab51-49fa7e7800c2', 'zipcode': '40311'}",50e93526,placeholder_hash_5997a17a4d2745acb882a2352e83e535,lk_user_fe1e7481,0be7ea66,4.976586203965185,3.800841870566572,cus_29df1add571a4f35bfeb1f7fe5cb886b,2022-02-12,2023-10-24,1,0,Edward Stotler,'https://synthetic-avatars.com/user_pics/' + _avatar_uuid + '.png',2022-02-12,edward_stellar88,edward_stellar88@gmail.com,Edward Stotler is a passionate astronomer and stargazer who loves sharing his cosmic finds.
1,usr-b10d01b6,"{'age': 45, 'bachelors_field': 'stem_related', 'birth_date': '1980-01-19', 'city': 'Hollywood', 'country': 'USA', 'county': 'Broward County', 'education_level': 'graduate', 'email_address': 'bensong75@outlook.com', 'ethnic_background': 'black', 'first_name': 'Guerline', 'last_name': 'Benson', 'locale': 'en_US', 'marital_status': 'married_present', 'middle_name': 'Elaine', 'occupation': 'real_estate_broker_or_sales_agent', 'phone_number': '305-954-1834', 'sex': 'Female', 'ssn': '262-63-2170', 'state': 'FL', 'street_name': 'Boca Del Mar Dr', 'street_number': 60, 'unit': '', 'uuid': 'c4e633fd-c385-4f4b-9620-e31e6e2db2f9', 'zipcode': '33025'}",d0ffe574,placeholder_hash_738d2e56703d44b9919095bf4e5a62ab,lk_user_fff23b54,fc831c26,4.666052034304384,4.861430058287691,cus_dc0e28122a8a47ec962a364ad7ba6083,2022-11-11,2023-07-01,1,0,Guerline Benson,'https://synthetic-avatars.com/user_pics/' + _avatar_uuid + '.png',2022-11-11,guerline_zen12,guerline_zen12@outlook.com,"Guerline Benson (guerline_zen12) is a self taught artist, and a certified yoga instructor who shares her passion for art and wellness.

She creates eco-friendly, handmade art and products inspired by her love for nature and her journey towards mindfulness."
1,usr-a1781274,"{'age': 51, 'bachelors_field': 'no degree', 'birth_date': '1974-03-04', 'city': 'Houston', 'country': 'USA', 'county': 'Harris County', 'education_level': 'high_school', 'email_address': 'hilderb4@gmail.com', 'ethnic_background': 'black', 'first_name': 'Hilder', 'last_name': 'Barker', 'locale': 'en_US', 'marital_status': 'married_present', 'middle_name': 'Marie', 'occupation': 'secretary_or_administrative_assistant', 'phone_number': '346-837-3186', 'sex': 'Female', 'ssn': '464-19-0323', 'state': 'TX', 'street_name': 'N Vista Ridge Blvd', 'street_number': 421, 'unit': '', 'uuid': 'de91f45f-6517-4dc7-887b-8c927fd2ff91', 'zipcode': '77089'}",5fdf2ffb,placeholder_hash_6cade07c846a4890a36bfa842a545dc0,lk_user_f9bfcebc,e1dfe981,3.6745594846103113,4.954319977101148,cus_9fa5109b27c94796b6e8c2a18a53853b,2022-07-02,2023-07-22,1,0,Hilder Barker,'https://synthetic-avatars.com/user_pics/' + _avatar_uuid + '.png',2022-07-02,hilder_barker_42,hilder_barker_42@outlook.com,Hilder Barker (hilder_barker_42) is an avid collector of vintage vinyl records and loves sharing his finds with the community. He's always on the hunt for that next rare gem to add to his collection.
1,usr-ed39d2c7,"{'age': 20, 'bachelors_field': 'no degree', 'birth_date': '2004-10-13', 'city': 'Reading', 'country': 'USA', 'county': 'Berks County', 'education_level': 'high_school', 'email_address': 'carolec38@gmail.com', 'ethnic_background': 'white', 'first_name': 'Carole', 'last_name': 'Crumley', 'locale': 'en_US', 'marital_status': 'never_married', 'middle_name': 'Paramore', 'occupation': 'secretary_or_administrative_assistant', 'phone_number': '717-461-2784', 'sex': 'Female', 'ssn': '178-74-1353', 'state': 'PA', 'street_name': 'Route 350', 'street_number': 34, 'unit': '', 'uuid': '3ccd2023-6e07-4744-8276-fcebc9ebbe0c', 'zipcode': '19610'}",9a843ccc,placeholder_hash_12782fe02cda4867b11ac40e11b1c8d0,lk_user_cd19892a,7b58aadc,3.480213327265928,4.362071377055395,cus_e2866445073e4f4a8e34b4917fa1b1c4,2022-08-17,2023-12-24,1,0,Carole Crumley,'https://synthetic-avatars.com/user_pics/' + _avatar_uuid + '.png',2022-08-17,carole_crum87,carole_crum87@outlook.com,Carole Crumley (carole_crum87) is a vintage fashion enthusiast with a knack for finding hidden gems. She loves sharing her unique style and thrift store hauls with her followers.
1,usr-79e203d3,"{'age': 65, 'bachelors_field': 'no degree', 'birth_date': '1960-02-16', 'city': 'Mountain View', 'country': 'USA', 'county': 'Uinta County', 'education_level': 'some_college', 'email_address': 'christopherneal@icloud.com', 'ethnic_background': 'white', 'first_name': 'Christopher', 'last_name': 'Dinallo', 'locale': 'en_US', 'marital_status': 'married_present', 'middle_name': 'Neal', 'occupation': 'teaching_assistant', 'phone_number': '385-906-0677', 'sex': 'Male', 'ssn': '520-17-2639', 'state': 'WY', 'street_name': 'N 1200 E', 'street_number': 42, 'unit': '', 'uuid': 'bbdfcfa3-9b70-480d-b9f8-a58b4a29027b', 'zipcode': '82939'}",e4ddbe35,placeholder_hash_73d07e190ae146d083147525e40e4dd9,lk_user_4a1adf83,9458d592,4.931257780974447,4.333953779930372,cus_b7a4a45abb8c41c18484e30e4f42404e,2022-02-09,2023-11-20,1,1,Christopher Dinallo,'https://synthetic-avatars.com/user_pics/' + _avatar_uuid + '.png',2022-02-09,chris_dinallo_99,chris_dinallo_99@outlook.com,"""Christopher Dinallo is a vintage car enthusiast who loves sharing his finds with the world. When not hunting for treasures, he enjoys restoring his classic cars."""
1,usr-0014ea7d,"{'age': 54, 'bachelors_field': 'no degree', 'birth_date': '1970-08-11', 'city': 'Ocala', 'country': 'USA', 'county': 'Marion County', 'education_level': 'some_college', 'email_address': 'deandrecaldwell@icloud.com', 'ethnic_background': 'black', 'first_name': 'Deandre', 'last_name': 'Caldwell', 'locale': 'en_US', 'marital_status': 'married_present', 'middle_name': 'Maxie', 'occupation': 'driver_sales_worker_or_truck_driver', 'phone_number': '352-410-4035', 'sex': 'Male', 'ssn': '263-99-9267', 'state': 'FL', 'street_name': 'NW 8th Ter', 'street_number': 321, 'unit': '', 'uuid': '56203afb-27ec-424e-ad55-d422a08738ff', 'zipcode': '34473'}",aa7a0a40,placeholder_hash_f0aac5a61751421ea46472baa0c2031a,lk_user_435e34ae,32f52928,3.670778823322663,4.518736114991967,cus_3edd087b342242079d61c61e0c268a02,2023-06-11,2023-09-09,0,0,Deandre Caldwell,'https://synthetic-avatars.com/user_pics/' + _avatar_uuid + '.png',2023-06-11,deandre_caldwell95,deandre_caldwell95@gmail.com,"**Deandre Caldwell**

**deandre_caldwell95**

""Sneakerhead on the hunt for the next rare find. Let's trade stories and kicks!""

**Alternative**

**deandre_caldwell95**

""Collecting kicks, one rare pair at a time. Always down to connect with fellow sneaker enthusiasts."""
1,usr-b9021239,"{'age': 22, 'bachelors_field': 'no degree', 'birth_date': '2003-04-20', 'city': 'Indianapolis', 'country': 'USA', 'county': 'Marion County', 'education_level': '9th_12th_no_diploma', 'email_address': 'ford_golden@gmail.com', 'ethnic_background': 'black', 'first_name': 'Ford', 'last_name': 'Golden', 'locale': 'en_US', 'marital_status': 'never_married', 'middle_name': 'Tyrell', 'occupation': 'computer_support_specialist', 'phone_number': '463-859-5438', 'sex': 'Male', 'ssn': '310-37-2468', 'state': 'IN', 'street_name': 'Nottinghill Ct', 'street_number': 179, 'unit': '', 'uuid': '5d46f413-8d17-43d7-90bb-2fa3d660fa6f', 'zipcode': '46254'}",da4b5034,placeholder_hash_311b199454c14e2a9838937fad700df2,lk_user_8ef7b997,c0bc6573,4.11693971935855,4.046031572410642,cus_328ac8c912864e36849646f3a854ffd2,2023-05-02,2023-07-05,0,0,Ford Golden,'https://synthetic-avatars.com/user_pics/' + _avatar_uuid + '.png',2023-05-02,ford_golden_76,ford_golden_76@outlook.com,"Ford Golden (ford_golden_76) is a passionate off-roader, always on the hunt for the next great trail. When he's not behind the wheel, he's sharing his favorite finds in the world of off-road gear."
1,usr-0b427144,"{'age': 40, 'bachelors_field': 'stem', 'birth_date': '1985-03-07', 'city': 'Redondo Beach', 'country': 'USA', 'county': 'Los Angeles County', 'education_level': 'bachelors', 'email_address': 'colineugene63@gmail.com', 'ethnic_background': 'white', 'first_name': 'Colin', 'last_name': 'Bryant', 'locale': 'en_US', 'marital_status': 'married_present', 'middle_name': 'Eugene', 'occupation': 'first_line_supervisor_of_production_or_operating_worker', 'phone_number': '323-881-0888', 'sex': 'Male', 'ssn': '562-58-5478', 'state': 'CA', 'street_name': 'Pebble Glen Dr', 'street_number': 47, 'unit': '', 'uuid': '4bd88a53-852d-4ce2-aeaf-fb7ee8bdd5e7', 'zipcode': '90277'}",aea5d3e2,placeholder_hash_cdf604a4193248c794630448dbe7f8a7,lk_user_3356b3e0,7ca2f51b,4.264099392071018,3.506323807290258,cus_e2cead82764a4e6083884cd745d75e55,2023-01-31,2023-09-09,1,0,Colin Bryant,'https://synthetic-avatars.com/user_pics/' + _avatar_uuid + '.png',2023-01-31,colin_sly_56,colin_sly_56@outlook.com,Colin Bryant (colin_sly_56) is a thrift store enthusiast who loves upcycling vintage finds into unique treasures. He's always on the hunt for the next hidden gem.
1,usr-5fa305ea,"{'age': 34, 'bachelors_field': 'stem', 'birth_date': '1991-05-24', 'city': 'Milwaukee', 'country': 'USA', 'county': 'Milwaukee County', 'education_level': 'bachelors', 'email_address': 'enosko@gmail.com', 'ethnic_background': 'mexican', 'first_name': 'Eric', 'last_name': 'Nosko', 'locale': 'en_US', 'marital_status': 'never_married', 'middle_name': '', 'occupation': 'business_operations_specialist', 'phone_number': '414-513-1715', 'sex': 'Male', 'ssn': '388-03-8400', 'state': 'WI', 'street_name': 'Ruckle St', 'street_number': 101, 'unit': '', 'uuid': 'af4b2c14-c231-4bba-bff4-02e6e6f1ce5e', 'zipcode': '53211'}",914ee4e3,placeholder_hash_300f008cc297424eada7cf55ce1ed8ff,lk_user_def44c9e,76286276,4.609360834918387,4.067882129294574,cus_8675211ec4ed4d81a2d57a685147f35f,2022-09-28,2023-09-09,1,0,Eric Nosko,'https://synthetic-avatars.com/user_pics/' + _avatar_uuid + '.png',2022-09-28,eric_nimble84,eric_nimble84@gmail.com,"Eric Nosko (eric_nimble84) is a tech enthusiast who loves sharing the latest gadgets and innovations with the community. When he's not geeking out, he's probably out hiking with his dog, Max."
1,usr-844bb365,"{'age': 66, 'bachelors_field': 'stem', 'birth_date': '1959-05-14', 'city': 'Houston', 'country': 'USA', 'county': 'Harris County', 'education_level': 'graduate', 'email_address': 'armandovillegas@icloud.com', 'ethnic_background': 'mexican', 'first_name': 'Armando', 'last_name': 'Villegas', 'locale': 'en_US', 'marital_status': 'never_married', 'middle_name': 'Antonio', 'occupation': 'waiter_or_waitress', 'phone_number': '832-624-8653', 'sex': 'Male', 'ssn': '463-23-4926', 'state': 'TX', 'street_name': 'La Vela Rd', 'street_number': 558, 'unit': '', 'uuid': 'c2442798-65c8-46ab-9cdc-adb84f6a3833', 'zipcode': '77019'}",4f0a99c1,placeholder_hash_cab1fae553b54c4c83ba6039922466ce,lk_user_fec99178,fb357e10,4.333196951874071,3.6282974496960256,cus_a431da57027b4abb91d58b48095fb83f,2022-02-17,2023-07-07,1,0,Armando Villegas,'https://synthetic-avatars.com/user_pics/' + _avatar_uuid + '.png',2022-02-17,armando_velo89,armando_velo89@gmail.com,"Armando Villegas, a.k.a. armando_velo89, is a passionate vintage car collector and restorer who loves sharing his journey with fellow enthusiasts.

He is always on the hunt for the next gem to add to his collection."
1,usr-f333f3aa,"{'age': 52, 'bachelors_field': 'business', 'birth_date': '1973-01-21', 'city': 'Cypress', 'country': 'USA', 'county': 'Harris County', 'education_level': 'bachelors', 'email_address': 'andrewmohamedteeters21@icloud.com', 'ethnic_background': 'white', 'first_name': 'Andrew', 'last_name': 'Teeters', 'locale': 'en_US', 'marital_status': 'married_present', 'middle_name': 'Mohamed', 'occupation': 'lawyer', 'phone_number': '936-585-4629', 'sex': 'Male', 'ssn': '452-69-2505', 'state': 'TX', 'street_name': 'East Dry Creek Road', 'street_number': 84, 'unit': '', 'uuid': 'a4b1623e-3aee-460e-bad9-00d04651f9e6', 'zipcode': '77429'}",6e651262,placeholder_hash_70c3395903b84c96b695ff00236a90e6,lk_user_9bebceca,3cd1cf96,4.788168747548901,4.777824386314919,cus_3015076f53f14ce8825c6fff1d5b1529,2022-11-10,2023-07-22,0,0,Andrew Teeters,'https://synthetic-avatars.com/user_pics/' + _avatar_uuid + '.png',2022-11-10,andrew_teeters_90,andrew_teeters_90@gmail.com,"Andrew Teeters is a vintage car enthusiast and thrift store treasure hunter, always on the hunt for the next great find."
1,usr-51ded7b9,"{'age': 42, 'bachelors_field': 'stem', 'birth_date': '1983-06-01', 'city': 'Krum', 'country': 'USA', 'county': 'Wise County', 'education_level': 'bachelors', 'email_address': 'biancamarie51@icloud.com', 'ethnic_background': 'mexican', 'first_name': 'Bianca', 'last_name': 'Torres', 'locale': 'en_US', 'marital_status': 'married_present', 'middle_name': 'Marie', 'occupation': 'healthcare_social_worker', 'phone_number': '940-875-5962', 'sex': 'Female', 'ssn': '450-05-9012', 'state': 'TX', 'street_name': 'County Road 634', 'street_number': 212, 'unit': 'Unit B', 'uuid': '8fcc3c23-3730-4b2e-b560-713c1ca961dd', 'zipcode': '76249'}",6ba547e2,placeholder_hash_82e154d594a94e04abea1bee016e43ee,lk_user_ccc02bcc,1a1ab40a,4.631808604082203,4.824136226424543,cus_9ef9556f82f343039f4f2c34709d0e0c,2022-03-17,2023-09-17,1,0,Bianca Torres,'https://synthetic-avatars.com/user_pics/' + _avatar_uuid + '.png',2022-03-17,bianca_velvet83,bianca_velvet83@outlook.com,Bianca Torres (@bianca_velvet83) is a vintage fashion enthusiast with a knack for finding hidden gems. She loves sharing her curated vintage finds with the world.
1,usr-d03a5876,"{'age': 20, 'bachelors_field': 'no degree', 'birth_date': '2004-09-13', 'city': 'Gainesville', 'country': 'USA', 'county': 'Alachua County', 'education_level': 'high_school', 'email_address': 'linaresp43@gmail.com', 'ethnic_background': 'honduran', 'first_name': 'Patricia', 'last_name': 'Linares', 'locale': 'en_US', 'marital_status': 'never_married', 'middle_name': 'Marie', 'occupation': 'therapist', 'phone_number': '352-930-1169', 'sex': 'Female', 'ssn': '264-73-2271', 'state': 'FL', 'street_name': 'Chestnut Ridge Dr', 'street_number': 68, 'unit': 'C23', 'uuid': 'ed228daf-5cf7-4b44-9448-bb67d8271b1d', 'zipcode': '32607'}",34081439,placeholder_hash_ef635cd4b0de483f863c62819972aef2,lk_user_dae5fad8,716bf860,3.968440593205152,4.69742356923692,cus_6a2f35a58fb646b2a597d192fc2eaebb,2022-05-09,2023-09-28,1,0,Patricia Linares,'https://synthetic-avatars.com/user_pics/' + _avatar_uuid + '.png',2022-05-09,pat_linares91,pat_linares91@gmail.com,Patricia Linares (pat_linares91) is a vintage fashion enthusiast who loves sharing her unique finds and styling tips. She's always on the hunt for one-of-a-kind pieces to add to her collection.
1,usr-ae2f98ba,"{'age': 43, 'bachelors_field': 'no degree', 'birth_date': '1982-05-30', 'city': 'Jacksonville', 'country': 'USA', 'county': 'Duval County', 'education_level': 'high_school', 'email_address': 'simone@hotmail.com', 'ethnic_background': 'black', 'first_name': 'Simon', 'last_name': 'Evans', 'locale': 'en_US', 'marital_status': 'married_present', 'middle_name': 'Aqeel', 'occupation': 'police_officer', 'phone_number': '904-683-7970', 'sex': 'Male', 'ssn': '267-63-3946', 'state': 'FL', 'street_name': 'Fontein Bay', 'street_number': 286, 'unit': '', 'uuid': '29f9aa75-562e-4ff1-97ec-fa326f04917e', 'zipcode': '32218'}",63d54e96,placeholder_hash_2ca5eefe658b4eccb8eb7830031307bf,lk_user_04e877ca,7f4a04cc,4.61085445101143,4.959531906112289,cus_ad04c0f0d66f40679f8618eba902db58,2023-04-13,2023-12-19,0,0,Simon Evans,'https://synthetic-avatars.com/user_pics/' + _avatar_uuid + '.png',2023-04-13,simon_evans_22,simon_evans_22@outlook.com,"Simon Evans (simon_evans_22) is a passionate tech enthusiast always on the hunt for the latest gadgets. When he's not exploring the digital world, he's enjoying the outdoors, always ready for his next adventure."
1,usr-3f2b03e8,"{'age': 69, 'bachelors_field': 'no degree', 'birth_date': '1955-07-31', 'city': 'Pittsburgh', 'country': 'USA', 'county': 'Allegheny County', 'education_level': 'some_college', 'email_address': 'joan.largey@icloud.com', 'ethnic_background': 'white', 'first_name': 'Joan', 'last_name': 'Largey', 'locale': 'en_US', 'marital_status': 'divorced', 'middle_name': 'Nance', 'occupation': 'general_or_operations_manager', 'phone_number': '878-789-1933', 'sex': 'Female', 'ssn': '202-95-5472', 'state': 'PA', 'street_name': 'Highland Rd', 'street_number': 245, 'unit': '', 'uuid': '6933f505-4733-48b8-9166-3edca87ac45a', 'zipcode': '15221'}",35afa2eb,placeholder_hash_40b4b8a241304da29fad48a748c86330,lk_user_7bd17e51,84f81bf7,4.896654673332743,4.776329186820034,cus_b732fd6385544e2e8bc4cc35f3c47ca1,2022-03-09,2023-07-23,1,0,Joan Largey,'https://synthetic-avatars.com/user_pics/' + _avatar_uuid + '.png',2022-03-09,joan_largey19,joan_largey19@gmail.com,Joan Largey (joan_largey19) is a vintage fashion enthusiast who loves sharing her unique finds with the community. She's always on the hunt for that perfect retro piece to add to her collection.
1,usr-af6c0cbd,"{'age': 57, 'bachelors_field': 'education', 'birth_date': '1968-04-24', 'city': 'Saint Paul', 'country': 'USA', 'county': 'Washington County', 'education_level': 'bachelors', 'email_address': 'georgenamkrohn88@gmail.com', 'ethnic_background': 'white', 'first_name': 'Georgena', 'last_name': 'Krohn', 'locale': 'en_US', 'marital_status': 'married_present', 'middle_name': 'Marjorie', 'occupation': 'secondary_school_teacher', 'phone_number': '651-995-3270', 'sex': 'Female', 'ssn': '474-10-3394', 'state': 'MN', 'street_name': 'Summertime Dr', 'street_number': 106, 'unit': '', 'uuid': '444eff77-f65e-4a90-a664-61b81aaf8692', 'zipcode': '55128'}",b2c74286,placeholder_hash_062f73a803fb4f0a8a354ea6181b6802,lk_user_4266ed99,08371138,3.3282885367493407,3.88915550429592,cus_c10cd327ce014d7f9284e7a6beebde3b,2023-04-06,2023-07-28,1,0,Georgena Krohn,'https://synthetic-avatars.com/user_pics/' + _avatar_uuid + '.png',2023-04-06,georgena_krohn_123,georgena_krohn_123@outlook.com,"Georgena Krohn (georgena_krohn_123) - Thrift store treasure hunter, upcycling enthusiast.

Sharing my unique finds and DIY projects with you all!"
1,usr-64420166,"{'age': 37, 'bachelors_field': 'stem', 'birth_date': '1987-12-02', 'city': 'Hampstead', 'country': 'USA', 'county': 'Pender County', 'education_level': 'bachelors', 'email_address': 'spencerkennedy@gmail.com', 'ethnic_background': 'black', 'first_name': 'Spencer', 'last_name': 'Kennedy', 'locale': 'en_US', 'marital_status': 'married_present', 'middle_name': 'Brown', 'occupation': 'lodging_manager', 'phone_number': '472-870-2864', 'sex': 'Male', 'ssn': '241-88-3888', 'state': 'NC', 'street_name': 'Woodruff Rd', 'street_number': 167, 'unit': '0606', 'uuid': '7ce51d51-981c-4c18-bd2f-52c9461c831d', 'zipcode': '28443'}",66e41e57,placeholder_hash_79262dd11e7a48d4b0b0b6d59f268d9a,lk_user_26d870b2,b61fbaf8,3.1417096579929997,3.928234384165456,cus_e4597ef4e1f145f39c33539e2c53ca87,2022-07-26,2023-09-19,0,0,Spencer Kennedy,'https://synthetic-avatars.com/user_pics/' + _avatar_uuid + '.png',2022-07-26,spencer_kennedy_77,spencer_kennedy_77@outlook.com,"""Spencer Kennedy is an avid photographer, sharing the best views from his travels, one click at a time. He loves connecting with fellow adventurers to trade stories and tips."""
1,usr-b51322ee,"{'age': 54, 'bachelors_field': 'arts_humanities', 'birth_date': '1970-07-24', 'city': 'Merrimack', 'country': 'USA', 'county': 'Hillsborough County', 'education_level': 'bachelors', 'email_address': 'robert_tipton@icloud.com', 'ethnic_background': 'white', 'first_name': 'Robert', 'last_name': 'Tipton', 'locale': 'en_US', 'marital_status': 'married_present', 'middle_name': 'Burton', 'occupation': 'inspector_tester_sorter_sampler_or_weigher', 'phone_number': '603-511-2947', 'sex': 'Male', 'ssn': '002-29-0779', 'state': 'NH', 'street_name': 'Bellevue Av', 'street_number': 110, 'unit': '', 'uuid': 'a8c17a30-cfec-4029-8475-f3b624262b22', 'zipcode': '03054'}",a3e39000,placeholder_hash_8371f36a737244cdbddbcb628892cc79,lk_user_b2dc8c57,8d8db708,3.404055573449037,4.322538096913011,cus_f64178c9f6c7487cb410bdb84a0c3995,2023-06-27,2023-11-09,1,0,Robert Tipton,'https://synthetic-avatars.com/user_pics/' + _avatar_uuid + '.png',2023-06-27,robert_zipper55,robert_zipper55@outlook.com,"Robert Tipton is a vintage enthusiast, always on the hunt for the next retro gem to add to his collection."
1,usr-a0166e9b,"{'age': 24, 'bachelors_field': 'no degree', 'birth_date': '2001-04-24', 'city': 'Staten Island', 'country': 'USA', 'county': 'Richmond County', 'education_level': 'some_college', 'email_address': 'sheris81@gmail.com', 'ethnic_background': 'white', 'first_name': 'Sheri', 'last_name': 'Snow', 'locale': 'en_US', 'marital_status': 'divorced', 'middle_name': 'F', 'occupation': 'teaching_assistant', 'phone_number': '201-215-7956', 'sex': 'Female', 'ssn': '100-56-4721', 'state': 'NY', 'street_name': 'Echo Lane', 'street_number': 75, 'unit': '', 'uuid': '09dac37f-94dc-4306-84d4-4d46b134a5de', 'zipcode': '10304'}",786e422d,placeholder_hash_88d8cf5761b44499a04c29a68c2388a4,lk_user_a6ec1515,98f37a2e,3.890319273846288,4.250259231883948,cus_78d086637d3a41a4b17e776ff714e020,2022-01-07,2023-09-23,1,0,Sheri Snow,'https://synthetic-avatars.com/user_pics/' + _avatar_uuid + '.png',2022-01-07,sheri_snow88,sheri_snow88@outlook.com,"""Sheri Snow is your guide to the most stylish winter fashion. She's always on the hunt for the next big thing and loves sharing her finds with you!"
1,usr-8a403aae,"{'age': 36, 'bachelors_field': 'no degree', 'birth_date': '1989-05-22', 'city': 'Hilton Head Island', 'country': 'USA', 'county': 'Beaufort County', 'education_level': 'high_school', 'email_address': 'dossantosm42@gmail.com', 'ethnic_background': 'black', 'first_name': 'Marcus', 'last_name': 'Dossantos', 'locale': 'en_US', 'marital_status': 'never_married', 'middle_name': 'Micheal', 'occupation': 'securities_commodities_or_financial_services_sales_agent', 'phone_number': '912-600-1230', 'sex': 'Male', 'ssn': '248-30-1695', 'state': 'SC', 'street_name': 'Horse Run Court', 'street_number': 181, 'unit': 'Unit 415', 'uuid': 'db600b2a-4c8c-4f6c-b1d4-325c2f834d81', 'zipcode': '29928'}",910ff3f0,placeholder_hash_fd8430216d3b4381b115936f518f787c,lk_user_bfad5c8c,afe1a63f,4.5123938130170975,4.60216342238503,cus_c4caec1fbf1549d0adfa3675c2f788b3,2022-01-26,2023-08-19,1,0,Marcus Dossantos,'https://synthetic-avatars.com/user_pics/' + _avatar_uuid + '.png',2022-01-26,marcus_dossantos89,marcus_dossantos89@gmail.com,"Marcus Dossantos is a passionate travel photographer, sharing stunning landscapes and cultural experiences from around the globe. He is a proud father of 2 and a lover of great food."
1,usr-6b654d33,"{'age': 44, 'bachelors_field': 'no degree', 'birth_date': '1981-02-19', 'city': 'Pittsburgh', 'country': 'USA', 'county': 'Allegheny County', 'education_level': 'high_school', 'email_address': 'helenmorrison@icloud.com', 'ethnic_background': 'white', 'first_name': 'Helen', 'last_name': 'Morrison', 'locale': 'en_US', 'marital_status': 'never_married', 'middle_name': 'Jane', 'occupation': 'writer_or_author', 'phone_number': '814-873-4098', 'sex': 'Female', 'ssn': '191-45-5231', 'state': 'PA', 'street_name': 'Worthmont Rd', 'street_number': 546, 'unit': '', 'uuid': '785e3e98-5c2b-4606-a5c4-ba9c12a08210', 'zipcode': '15218'}",a5ca857a,placeholder_hash_147705fbd9e64765a32ceb6f19ff6eee,lk_user_044452ce,131d421e,4.971868778651795,4.03912956669103,cus_a4a6258f3c1f4903834acc65ded18dc1,2022-11-07,2023-07-15,1,0,Helen Morrison,'https://synthetic-avatars.com/user_pics/' + _avatar_uuid + '.png',2022-11-07,helen_melodic72,helen_melodic72@gmail.com,Helen Morrison (@helen_melodic72) is a passionate musician sharing her handmade instruments. She loves helping others find their rhythm.
1,usr-9fcb82dd,"{'age': 29, 'bachelors_field': 'no degree', 'birth_date': '1995-08-02', 'city': 'Grants Pass', 'country': 'USA', 'county': 'Jackson County', 'education_level': 'some_college', 'email_address': 'geraldtgutilla1995@gmail.com', 'ethnic_background': 'white', 'first_name': 'Gerald', 'last_name': 'Gutilla', 'locale': 'en_US', 'marital_status': 'never_married', 'middle_name': 'Thompson', 'occupation': 'business_operations_specialist', 'phone_number': '458-361-6574', 'sex': 'Male', 'ssn': '540-62-3719', 'state': 'OR', 'street_name': 'Crestwood St', 'street_number': 48, 'unit': '', 'uuid': '8f130f1e-1a0e-4591-8108-fc9843026d80', 'zipcode': '97527'}",c619921b,placeholder_hash_91bfa1a95af643bdbc74b2473e5e2e63,lk_user_80ce8031,c43f5d2c,4.497246278372033,4.937751393020971,cus_5284c24d34b645fca488224281325ef3,2022-04-17,2023-09-10,1,0,Gerald Gutilla,'https://synthetic-avatars.com/user_pics/' + _avatar_uuid + '.png',2022-04-17,gerald_guitar69,gerald_guitar69@gmail.com,"Gerald Gutilla (gerald_guitar69) is a passionate guitarist who loves sharing his handmade, custom guitars with the world. When he's not playing or creating, he's teaching others the joy of music."
1,usr-7a095695,"{'age': 58, 'bachelors_field': 'no degree', 'birth_date': '1966-09-07', 'city': 'Darlington', 'country': 'USA', 'county': 'Darlington County', 'education_level': 'some_college', 'email_address': 'sabriya.locke49@icloud.com', 'ethnic_background': 'black', 'first_name': 'Sabriya', 'last_name': 'Locke', 'locale': 'en_US', 'marital_status': 'married_present', 'middle_name': '', 'occupation': 'retail_salesperson', 'phone_number': '448-814-9761', 'sex': 'Female', 'ssn': '249-07-0878', 'state': 'SC', 'street_name': 'Cadosia Road', 'street_number': 59, 'unit': '24', 'uuid': 'c5083157-a10b-4d6a-9f90-5fa507562771', 'zipcode': '29532'}",82aec305,placeholder_hash_c6801cea053f48e0bb9db1e4455e062a,lk_user_6b1ea91d,79104358,4.408592812710034,4.208799360296043,cus_07c17164c8d34aa580d92973a9b15840,2022-06-27,2023-10-22,0,0,Sabriya Locke,'https://synthetic-avatars.com/user_pics/' + _avatar_uuid + '.png',2022-06-27,sabriya_velvet89,sabriya_velvet89@outlook.com,Sabriya Locke (sabriya_velvet89) is a vintage fashion enthusiast who curates timeless pieces for the modern wardrobe. She is a lover of all things sparkly and glamorous.
1,usr-fc3f611c,"{'age': 49, 'bachelors_field': 'no degree', 'birth_date': '1975-12-30', 'city': 'Palmdale', 'country': 'USA', 'county': 'Los Angeles County', 'education_level': '9th_12th_no_diploma', 'email_address': 'eloisadibono@outlook.com', 'ethnic_background': 'salvadoran', 'first_name': 'Eloisa', 'last_name': 'Dibono', 'locale': 'en_US', 'marital_status': 'separated', 'middle_name': 'Andrea', 'occupation': 'preschool_or_kindergarten_teacher', 'phone_number': '661-318-4903', 'sex': 'Female', 'ssn': '561-69-0568', 'state': 'CA', 'street_name': 'Wisteria Dr', 'street_number': 323, 'unit': '', 'uuid': '7761ea59-f056-402b-893d-f11daa083316', 'zipcode': '93551'}",5afa61e6,placeholder_hash_da9d37c9bdbc499c895677ceae1bd1c0,lk_user_3c2805a4,ae2683e4,3.641607881741552,4.238109930888572,cus_27a1a5a43b76416181871abec0786f2c,2023-04-11,2023-09-15,1,0,Eloisa Dibono,'https://synthetic-avatars.com/user_pics/' + _avatar_uuid + '.png',2023-04-11,eloisa_dibono_21,eloisa_dibono_21@outlook.com,Eloisa Dibono is an avid traveler who loves sharing her adventures through her photography.  Her Instagram account is a visual journal of her experiences and inspiration.
1,usr-c8b765b1,"{'age': 75, 'bachelors_field': 'business', 'birth_date': '1950-02-25', 'city': 'Montclair', 'country': 'USA', 'county': 'San Bernardino County', 'education_level': 'bachelors', 'email_address': 'pedromunera17@yahoo.com', 'ethnic_background': 'mexican', 'first_name': 'Pedro', 'last_name': 'Munera', 'locale': 'en_US', 'marital_status': 'divorced', 'middle_name': '', 'occupation': 'driver_sales_worker_or_truck_driver', 'phone_number': '909-211-4382', 'sex': 'Male', 'ssn': '570-61-1234', 'state': 'CA', 'street_name': 'Brookside Dr', 'street_number': 102, 'unit': '', 'uuid': 'd8496031-094b-4f65-8325-75a0f9959a45', 'zipcode': '91763'}",c79fce29,placeholder_hash_25d364e1cee1467a8a712987e29ac25a,lk_user_30a2fe1c,23612616,3.5733091974224203,3.6843523259147113,cus_53f9dd9b8c444154acc8d88889da8f66,2023-06-20,2023-09-08,0,0,Pedro Munera,'https://synthetic-avatars.com/user_pics/' + _avatar_uuid + '.png',2023-06-20,pedro_munera_galactic89,pedro_munera_galactic89@outlook.com,"Pedro Munera, aka pedro_munera_galactic89, is a stargazing enthusiast who loves sharing his passion for astrophotography. When he's not capturing the cosmos, he's exploring new music and sharing his latest finds."
1,usr-d0f14253,"{'age': 34, 'bachelors_field': 'no degree', 'birth_date': '1991-02-27', 'city': 'Austin', 'country': 'USA', 'county': 'Travis County', 'education_level': 'high_school', 'email_address': 'jmiguel1991@icloud.com', 'ethnic_background': 'mexican', 'first_name': 'Jaime', 'last_name': 'Miguel', 'locale': 'en_US', 'marital_status': 'divorced', 'middle_name': '', 'occupation': 'stocker_or_order_filler', 'phone_number': '737-289-9321', 'sex': 'Female', 'ssn': '452-50-8101', 'state': 'TX', 'street_name': 'N Melandra Wy', 'street_number': 58, 'unit': '', 'uuid': '86ebcbab-56dc-4926-b1fe-0abdc3a3f025', 'zipcode': '78724'}",692f9f5c,placeholder_hash_35d8fdd988364836a0832f48251a4457,lk_user_05647cc1,22127672,3.796709230244847,4.381737738355526,cus_f04650a254d846f282834de8c4b35522,2022-06-01,2023-11-23,1,0,Jaime Miguel,'https://synthetic-avatars.com/user_pics/' + _avatar_uuid + '.png',2022-06-01,jaime_miguel22,jaime_miguel22@outlook.com,"""Jaime Miguel (jaime_miguel22) is a thrift store enthusiast who loves turning vintage finds into modern treasures. He's always on the hunt for the next unique piece to add to his collection.""

OR

""Jaime Miguel (jaime_miguel22) is a self-proclaimed ""vintage queen"" with a knack for finding hidden gems. He's passionate about sharing his love for thrifted fashion and home decor with the community."""
1,usr-d756efe5,"{'age': 47, 'bachelors_field': 'no degree', 'birth_date': '1977-09-24', 'city': 'Ellisville', 'country': 'USA', 'county': 'Jones County', 'education_level': 'some_college', 'email_address': 'dewanlamorrisanderson24@icloud.com', 'ethnic_background': 'black', 'first_name': 'Dewan', 'last_name': 'Anderson', 'locale': 'en_US', 'marital_status': 'married_present', 'middle_name': 'Lamorris', 'occupation': 'shipping_receiving_or_inventory_clerk', 'phone_number': '601-432-3942', 'sex': 'Male', 'ssn': '428-18-5480', 'state': 'MS', 'street_name': 'Gum Springs Rd', 'street_number': 198, 'unit': 'D', 'uuid': '7db6aa26-78b2-4da8-899c-0d38e692e1b6', 'zipcode': '39437'}",2037c9a0,placeholder_hash_aa75c569b2f0497f9ae7ccc2eb56382b,lk_user_03dee3a0,5778f784,4.556991559339416,4.347785712136582,cus_b802885340a74527ae89abcfc7f250cb,2022-06-16,2023-10-30,1,0,Dewan Anderson,'https://synthetic-avatars.com/user_pics/' + _avatar_uuid + '.png',2022-06-16,dewan_velvet7,dewan_velvet7@outlook.com,Dewan Anderson (dewan_velvet7) is a vintage fashion enthusiast with a keen eye for unique finds. She loves sharing her curated collection of timeless treasures and inspiring others to embrace retro style.
1,usr-bfcc7ca7,"{'age': 78, 'bachelors_field': 'no degree', 'birth_date': '1946-10-11', 'city': 'Orangeburg', 'country': 'USA', 'county': 'Orangeburg County', 'education_level': 'high_school', 'email_address': 'jacksond@icloud.com', 'ethnic_background': 'black', 'first_name': 'Destiny', 'last_name': 'Jackson', 'locale': 'en_US', 'marital_status': 'divorced', 'middle_name': 'Avery', 'occupation': 'sewing_machine_operator', 'phone_number': '803-805-9646', 'sex': 'Female', 'ssn': '247-39-9340', 'state': 'SC', 'street_name': 'Dowd Rd', 'street_number': 291, 'unit': '', 'uuid': '760de739-ecaa-4f78-91c5-31f362f7a995', 'zipcode': '29115'}",7e853430,placeholder_hash_3f85ab75c11241808871d148e34e6f40,lk_user_695b94b7,7cba52ff,4.50404463445229,4.580419874864774,cus_b154cb440add406ba25a6b812e3b7ebc,2022-01-11,2023-07-01,1,0,Destiny Jackson,'https://synthetic-avatars.com/user_pics/' + _avatar_uuid + '.png',2022-01-11,destiny_jax_94,destiny_jax_94@outlook.com,"Destiny Jackson (@destiny_jax_94) is a vintage fashion enthusiast who loves sharing her unique thrifted finds with the world.

She's always on the hunt for the next hidden gem to add to her collection."
1,usr-f12d047f,"{'age': 61, 'bachelors_field': 'stem', 'birth_date': '1963-10-03', 'city': 'Chino', 'country': 'USA', 'county': 'San Bernardino County', 'education_level': 'bachelors', 'email_address': 'marco.salcedo63@icloud.com', 'ethnic_background': 'mexican', 'first_name': 'Marco', 'last_name': 'Salcedo', 'locale': 'en_US', 'marital_status': 'married_present', 'middle_name': '', 'occupation': 'janitor_or_building_cleaner', 'phone_number': '909-633-4242', 'sex': 'Male', 'ssn': '572-29-3344', 'state': 'CA', 'street_name': 'Adobe Bluffs Dr', 'street_number': 931, 'unit': '', 'uuid': '816e677b-8f7f-4778-983b-e8d7a2b93749', 'zipcode': '91710'}",8d3acb67,placeholder_hash_d018ea6569a548ee806be54ae1d45fad,lk_user_bd2aeed0,dadafc83,3.671439106087835,4.619564568741083,cus_56a99997ac354063922a26bcce4ef611,2022-08-16,2023-10-11,1,0,Marco Salcedo,'https://synthetic-avatars.com/user_pics/' + _avatar_uuid + '.png',2022-08-16,marco_salcedo_veloz,marco_salcedo_veloz@gmail.com,"Marco Salcedo (@marco_salcedo_veloz) is a thrift store treasure hunter, always on the lookout for unique vintage finds to share with the community.

His passion for vintage fashion and unique style sets him apart from the crowd."
1,usr-3a12affa,"{'age': 63, 'bachelors_field': 'no degree', 'birth_date': '1961-12-11', 'city': 'Anderson', 'country': 'USA', 'county': 'Madison County', 'education_level': 'some_college', 'email_address': 'filomenamilton@hotmail.com', 'ethnic_background': 'white', 'first_name': 'Filomena', 'last_name': 'Milton', 'locale': 'en_US', 'marital_status': 'married_present', 'middle_name': 'Marie', 'occupation': 'packaging_or_filling_machine_operator_or_tender', 'phone_number': '765-756-9454', 'sex': 'Female', 'ssn': '317-82-1656', 'state': 'IN', 'street_name': 'St Rt 162', 'street_number': 306, 'unit': '', 'uuid': '4d9dcd7e-29e2-4c23-ac37-1647c643c3cc', 'zipcode': '46016'}",78d76050,placeholder_hash_ec84dfa57e9e4801ad83f6549748cf92,lk_user_23ba7b87,fc557f15,4.610681836775968,4.092858140849954,cus_3d601923eb334e94a89824bb23cf74a0,2022-11-17,2023-11-11,1,0,Filomena Milton,'https://synthetic-avatars.com/user_pics/' + _avatar_uuid + '.png',2022-11-17,filomena_milton_52,filomena_milton_52@outlook.com,"Filomena Milton (filomena_milton_52) is a passionate vintage hunter, always on the lookout for unique treasures to share with the community. She loves to find a new home for her finds and bring joy to others."
1,usr-5526c15b,"{'age': 53, 'bachelors_field': 'business', 'birth_date': '1972-03-14', 'city': 'Memphis', 'country': 'USA', 'county': 'Shelby County', 'education_level': 'bachelors', 'email_address': 'eboykin@gmail.com', 'ethnic_background': 'black', 'first_name': 'Evelyn', 'last_name': 'Boykin', 'locale': 'en_US', 'marital_status': 'never_married', 'middle_name': '', 'occupation': 'sales_manager', 'phone_number': '901-396-4006', 'sex': 'Female', 'ssn': '410-66-0913', 'state': 'TN', 'street_name': 'Riverstone Blvd', 'street_number': 52, 'unit': '', 'uuid': 'a59ed176-e220-48d4-ba57-22b56a1d2820', 'zipcode': '38111'}",54016510,placeholder_hash_8787092c7ecc45b0ac51ae5c5ff0c596,lk_user_a234e27b,fdb5cdda,4.246110747293304,4.419856795147721,cus_4b0cd53da4cb44708ec62e54f9942ee6,2023-05-10,2023-10-22,1,0,Evelyn Boykin,'https://synthetic-avatars.com/user_pics/' + _avatar_uuid + '.png',2023-05-10,evie_skylark99,evie_skylark99@outlook.com,"Evelyn Boykin, aka evie_skylark99, is a vintage fashion enthusiast who loves sharing her unique finds with the world. She believes that every piece of clothing tells a story and enjoys helping others find their perfect fit."
