stream_id_placeholder,stream_guid,user_guid_fk,user_id_placeholder_fk,category_id_placeholder_fk,start_time,end_time,status,max_viewer_count,viewer_count,is_private,stream_key,livekitRoomName,created_at,category_guid_fk,thumbnail_url,updated_at,title,description
1,strm-3418dee7,usr-844bb365,1,1,2023-08-29,2024-01-31,live,1400,65,0,sk_live_8c4fdd02,lk_stream_471d3f57,2023-09-28,cat-91a7f805,https://syntheticstreamthumbs.com/live/d8899fd7.jpg,2023-09-28,**Unboxing Fun: Live Toy & Game Extravaganza!**,"Tune in for a thrilling live experience as we dive into a treasure trove of Toys & Board Games. Viewers will be the first to see the latest and greatest toys and board games. Watch as we unbox exciting new items, demo popular board games and toys, and share exclusive deals and giveaways."
1,strm-3769cb05,usr-fc3f611c,1,1,2023-08-20,2023-09-25,ended,950,62,0,sk_live_627da072,lk_stream_9d3a8156,2023-10-07,cat-493f7f26,https://syntheticstreamthumbs.com/live/3aa8683e.jpg,2023-10-07,"""Unwind with Furniture & Decor Deals Live""","Tune in to 'Unwind with Furniture & Decor Deals Live' and transform your space with incredible savings. Viewers will enjoy a curated selection of stylish furniture and decor items, from cozy seating to statement art pieces, all available at exclusive live stream prices.  Get ready to revitalize your home with a mix of modern and classic pieces, as our hosts showcase each item with a special focus on the details that make them stand out."
1,strm-40b2913c,usr-6b654d33,1,1,2023-11-12,2024-01-14,live,210,67,0,sk_live_d0233918,lk_stream_4451338b,2023-09-16,cat-50b6191b,https://syntheticstreamthumbs.com/live/2027fc23.jpg,2023-09-16,"""Sizzling Kitchen Showcase Live!""

""Unboxing Kitchen Gems""

""Cookware Craze Live Stream""

""Kitchen Essentials Extravaganza""

""Live from the Kitchen""

""Dining Delights Live Event""

""Kitchen & Dining Live Sale""

""Kitchen Must-Haves Live""

""Dining Deals Live!""","Join us for ""Kitchen & Dining Live Sale"" and watch as we unveil a world of culinary treasures from the comfort of your own home. You might see the latest in sleek cookware sets, elegant dinnerware, or innovative kitchen gadgets that will make meal prep a breeze. We've got exclusive deals and expert tips to enhance your cooking and dining experience, so don't miss out!"
1,strm-15d25264,usr-ae2f98ba,1,1,2023-08-03,2023-10-22,live,416,92,0,sk_live_bf80ff24,lk_stream_dd41e769,2023-07-27,cat-b273dcd0,https://syntheticstreamthumbs.com/live/823a65f7.jpg,2023-07-27,"""Vintage Treasures Live Sale!""
""Antique Gems Unveiled!""
""Live Vintage & Antique Haul""
""Timeless Finds Await You!""
""Antique & Vintage Live Showcase""
""Vintage Delights Unboxing""","**Tune in to ""Vintage Treasures Live Sale!""** where we'll be unearthing a treasure trove of unique, antique finds that span from the 18th century to the 1990s. Viewers can expect to see a curated selection of vintage jewelry, rare books, and an assortment of decorative items, each with its own story to tell. We'll be showcasing these timeless pieces in a live unboxing format, giving you an up-close look at the intricate details and craftsmanship that make each item truly one-of-a-kind."
1,strm-041bcf80,usr-64420166,1,1,2023-08-13,2023-09-28,live,87,46,0,sk_live_09250ff7,lk_stream_bd46c28a,2023-12-31,cat-761dc998,https://syntheticstreamthumbs.com/live/90f10b60.jpg,2023-12-31,"""Vintage Treasures: Live Antique Auction!""

""Live Vintage Gems""

""Antique Showcase""

""Timeless Vintage Treasures""

""Vintage Live Shopping""

""Antique Live Shopping""

""Vintage Treasures Live""

""Live Vintage Auction""

""Vintage Live Auction""

""Antique Treasures Live""","Tune in to ""Vintage Treasures: Live Antique Auction"" for a thrilling journey through time as we unveil a curated collection of rare and exquisite antiques and vintage items. Viewers can expect to see a diverse range of treasures, from ornate Victorian jewelry and intricately designed furniture to vintage clothing and unique decorative pieces, all up for grabs in an exciting live auction format. Don't miss the opportunity to bid on and own a piece of history, with expert commentary and high-definition close-ups ensuring you don't miss a single detail."
1,strm-2b49bfdb,usr-b6e3ac3f,1,1,2023-08-29,2024-01-17,live,636,68,0,sk_live_291cecb0,lk_stream_f2461268,2023-10-29,cat-3370ca3c,https://syntheticstreamthumbs.com/live/1b44bcec.jpg,2023-10-29,"""Baby Care Bonanza: Live Deals!""

""Health & Home Live Shopping Spree""

""Live Baby Essentials Blowout!""

""Household Hotties: Live Now!""

""Baby Care Live Clearance Event""

""Health & Home Live Steals!""

""Live Baby Care Essentials!""

""Household Heroes Live Deals""

""Baby Care Live Deals""

""Health & Home Live Shopping""","Tune in to the ""Baby Care Bonanza: Live Deals!"" and witness a whirlwind of savings on must-have baby essentials, from organic cotton clothing to innovative feeding accessories. We will be revealing exclusive deals on top brands and showing off some of the newest products in baby care. Join us for a live, interactive experience where you can ask questions, get product recommendations, and shop for your little one's needs all in one place."
1,strm-04ce4075,usr-c8b765b1,1,1,2024-01-31,2024-02-03,live,624,23,0,sk_live_60c46e4d,lk_stream_f4b1c150,2023-10-27,cat-50b6191b,https://syntheticstreamthumbs.com/live/f6128422.jpg,2023-10-27,"""Sizzling Kitchen Steals Live!""

""Live Kitchen Clearance Extravaganza""

""Unboxing Kitchen Gems Live!""

""Kitchen Showcase: Live Deals!""

""Live Kitchen Bargains Bonanza""

""Kitchen Clearance Craze Live!""

""Kitchen Treasures Unveiled Live!""

""Live Kitchen Steals & Deals""

""Kitchen Clearance Countdown Live!""","**""Sizzling Kitchen Steals Live!""** Join us for a live stream filled with the hottest deals on kitchen essentials, from top-rated cookware to stylish dining sets. You'll see an array of must-have items being revealed, and with our exclusive discounts, you can stock up your kitchen without breaking the bank."
1,strm-e151c795,usr-0014ea7d,1,1,2024-01-26,2024-02-02,live,1278,5,0,sk_live_0023de05,lk_stream_1811c6eb,2023-07-17,cat-69f99a36,https://syntheticstreamthumbs.com/live/dcced64c.jpg,2023-07-17,"**""Unbeatable Garden Gadgets Live!""**

or

**""Live Garden & Tools Extravaganza!""**

or

**""Garden Getaway: Live Deals!""**

or

**""Tools & Garden: Live Shopping Spree!""**

or

**""Live: Garden & Tools Bonanza!""**","**""Unbeatable Garden Gadgets Live!""** Join us as we dig into an array of innovative garden gadgets, from ergonomic tools to high-tech irrigation systems, all designed to make your green thumb even greener.

**""Live Garden & Tools Extravaganza!""** Get ready to explore a wide range of gardening essentials and power tools, with exclusive deals and expert tips on how to transform your outdoor space into a lush oasis.

**""Garden Getaway: Live Deals!""** Escape to a world of gardening delights with live deals on everything from seed starters to durable gardening gloves, and enjoy special guest appearances from gardening experts.

**""Tools & Garden: Live Shopping Spree!""** Prepare for an exciting live shopping spree featuring a curated selection of top-quality tools and garden accessories, with real-time demonstrations and unbeatable discounts.

**""Live: Garden & Tools Bonanza!""** Experience a bonanza of live deals on gardening essentials and power tools, with behind-the-scenes looks at new products and expert advice from industry professionals."
1,strm-d2bd5feb,usr-3f2b03e8,1,1,2023-09-23,2023-11-26,ended,1330,62,0,sk_live_fe67e293,lk_stream_09b3ec12,2024-01-09,cat-21696fca,https://syntheticstreamthumbs.com/live/138b4b06.jpg,2024-01-09,"""Unleash Adventure: Live Sports Gear!""

""Score Big: Outdoor Sports Live!""

""Gear Up Live: Sports & Outdoors""

""Adventure Awaits: Live Sports Gear""

""Outdoor Escapades: Sports Live!""

""Live Sports Gear: Adventure Awaits""

""Score Big: Sports & Outdoors Live""

""Gear Up Live: Outdoor Sports""

""Adventure Awaits: Live Sports Gear""

""Sports & Outdoors: Live Gear Up""","""Tune in to 'Adventure Awaits: Live Sports Gear' for an action-packed journey through the latest in outdoor sports equipment. Viewers will see a variety of items including high-quality hiking boots, durable camping tents, and advanced GPS devices, all demonstrated live and with exclusive deals.  Additionally, we will have live demos of key products and expert advice on how to choose the right gear for your next outdoor adventure."""
1,strm-6efcf8b3,usr-441f0b7e,1,1,2023-08-26,2023-10-13,cancelled,649,55,0,sk_live_b3f46553,lk_stream_22300af3,2024-01-08,cat-748b7c24,https://syntheticstreamthumbs.com/live/f3b6489d.jpg,2024-01-08,"**Live Sports Gear Bonanza!**

 OR

**Outdoor Adventure Sale Live!**

 OR

**Sports & Outdoors Mega Event!**

 OR

**Live! Gear Up for Adventure**

 OR

**Sports Equipment Blowout Live!**

 OR

**Outdoor Deals Live!**

 OR

**Sports & Outdoors Live Shopping Spree**

 OR

**Adventure Gear Live Sale!**

 OR

**Sports & Outdoors Live Steals!**","**Sports & Outdoors Live Shopping Spree!**

Tune in to see an array of top-quality sports equipment and outdoor gear at unbeatable prices. You might spot the latest in athletic apparel, high-tech fitness gadgets, camping essentials, and more—all while enjoying exclusive live deals and giveaways."
1,strm-62ec0ea7,usr-b9021239,1,1,2023-12-17,2024-01-06,ended,31,15,1,sk_live_76c547e6,lk_stream_fcd4688b,2023-09-28,cat-41c38560,https://syntheticstreamthumbs.com/live/776961da.jpg,2023-09-28,"""Rev Your Engines: Live Motorcycle Bonanza!""
""Power Up: Live Powersports Extravaganza!""
""Live: Motorcycle & Powersports Mega Sale!""
""Unleash the Speed: Live Powersports Showcase""
""Live: The Ultimate Motorcycle & Powersports Event!""","**Rev Your Engines: Live Motorcycle Bonanza!** - Join us for an adrenaline-fueled journey as we rev up the action with a live showcase of the latest motorcycles, ATVs, and powersports gear. Expect exclusive deals, expert insights, and a thrilling ride through our extensive inventory.

**Power Up: Live Powersports Extravaganza!** - Get ready to power up your outdoor adventures with our live powersports extravaganza! Discover a wide range of ATVs, UTVs, and personal watercraft, along with must-have accessories and apparel.

**Live: Motorcycle & Powersports Mega Sale!** - Don't miss out on incredible savings during our live mega sale event! See a vast selection of motorcycles, ATVs, and powersports vehicles up close, with special offers and expert advice.

**Unleash the Speed: Live Powersports Showcase** - Prepare for an exhilarating showcase of high-performance powersports vehicles! Watch as we unveil the latest motorcycles, ATVs, and more, with live demos, special offers, and expert insights.

**Live: The Ultimate Motorcycle & Powersports Event!** - Experience the ultimate event for motorcycle and powersports enthusiasts! Explore a wide range of vehicles, gear up with the latest accessories, and take advantage of exclusive deals and giveaways."
1,strm-f9005a66,usr-3a12affa,1,1,2023-11-23,2023-12-17,ended,121,81,1,sk_live_e471ab3e,lk_stream_06ab82cd,2023-12-30,cat-69f99a36,https://syntheticstreamthumbs.com/live/121b0929.jpg,2023-12-30,"""Unbeatable Garden & Tools Live Sale""

""Garden & Tools Extravaganza Live!""

""Live: Top Garden & Tools Deals""

""Garden & Tools Live Shopping Spree""

""Live: Garden & Tools Must-Haves""","**Garden & Tools Extravaganza Live!**

Tune in to dig into incredible deals on all your gardening needs and tools. Viewers will see a cornucopia of items from power tools to hand tools, to gardening essentials like gloves, pruners, and seed kits. This live stream is set to feature exclusive discounts, bundles, and expert tips for both novice and experienced green thumbs.

**Live: Top Garden & Tools Deals**

Join us live for a fast-paced shopping spree featuring top deals on high-quality gardening tools, outdoor equipment, and home improvement essentials. Viewers can expect to see a variety of items like lawn mowers, trimmers, and hedgers, as well as gardening accessories, all at unbeatable prices. Our hosts will also provide real-time demonstrations and answer your questions throughout the event.

**Garden & Tools Live Shopping Spree**

Get ready to stock up on must-have garden tools and accessories at unbeatable prices. Viewers will see an array of items like shovels, rakes, wheelbarrows, and even smart garden gadgets. This live stream features a countdown timer for each deal, so you'll want to be quick to snag these great offers.

**Live: Garden & Tools Must-Haves**

Discover the must-have garden tools and accessories you never knew you needed. Viewers will see a wide range of items from ergonomic hand tools to innovative watering systems, and even DIY project kits. This live stream features a variety of items at exclusive prices, as well as giveaways and expert advice from our knowledgeable hosts."
1,strm-86cfe6ec,usr-d03a5876,1,1,2023-08-09,2023-11-13,live,1116,94,0,sk_live_0d978140,lk_stream_13d5e34b,2023-08-09,cat-98154b34,https://syntheticstreamthumbs.com/live/3e20d363.jpg,2023-08-09,"""Unleash Your Space: Garden Live Sale!""

""Live: Transform Your Garden Today""

""Garden Gold Live: Exclusive Deals!""

""Epic Garden Live: Unbeatable Offers""

""Live: Your Garden, Our Savings""

""Garden Live: Unlock Savings Today!""

""Live: Garden Goodies Galore!""

""Garden Live: Exclusive Deals Await!""

""Live: Your Dream Garden Awaits!""

""Garden Live: Unbeatable Prices!""","Join us for ""Unleash Your Space: Garden Live Sale"" and dive into a vibrant world of green thumbs and gardening enthusiasts, where you'll see a lush array of plants, tools, and decor transforming live right before your eyes. From stunning seasonal flowers to essential gardening tools at unbeatable prices, plus exclusive deals that will help you cultivate your dream garden. Don't miss out on the chance to ask our experts for real-time advice and watch as we unveil surprise steals and unique finds throughout the stream."
1,strm-ddac9ead,usr-6b654d33,1,1,2023-12-14,2024-01-06,live,1492,6,0,sk_live_e0231150,lk_stream_208057ea,2023-09-23,cat-f6f1009a,https://syntheticstreamthumbs.com/live/72783206.jpg,2023-09-23,"""Unboxing Tech Treasures Live!""

""Gadget Goldmine: Live Now!""

""Tech Showcase: Live Deals!""

""Electronics Extravaganza Live!""

""Hot Tech Deals Live Now!""","**""Unboxing Tech Treasures Live!""** - Join us for an adrenaline-fueled live stream where we unveil the latest electronics and computers, from sleek laptops to cutting-edge gadgets. Watch as we test and showcase the features, and get ready to snatch up the best deals with our exclusive live offers.

**""Gadget Goldmine: Live Now!""** - Dive into a treasure trove of the latest tech innovations, where we highlight must-have electronics and computers. See real-time demos, compare features, and enjoy special discounts on items you won’t want to miss.

**""Tech Showcase: Live Deals!""** - Experience a live extravaganza of the newest electronics and computers, with real-time demos and expert insights. Expect to see everything from high-performance laptops to innovative gadgets, all at unbeatable prices.

**""Electronics Extravaganza Live!""** - Immerse yourself in a world of tech wonders, where we unveil the latest electronics and computers. From smart home devices to powerful PCs, witness live demos and grab exclusive deals as they happen.

**""Hot Tech Deals Live Now!""** - Tune in for a thrilling live stream packed with the newest electronics and computers. See live demos, compare features, and secure incredible deals on everything from gaming laptops to smart gadgets."
1,strm-fe699564,usr-3a12affa,1,1,2024-01-07,2024-01-27,scheduled,228,40,1,sk_live_f3f38aa2,lk_stream_d07198e5,2023-08-08,cat-78146a0c,https://syntheticstreamthumbs.com/live/e9bf3b9a.jpg,2023-08-08,"""Unboxing Tech Treasures Live!""

""Must-Have Gadgets Live Showcase""

""Hot Tech Deals: Live and Exclusive!""

""Live Tech Haul: Gadgets Galore!""

""Epic Tech Unveiling Live Now!""

""Live Electronics Extravaganza!""

""Top Tech Picks: Live Stream""

""Gadget Goldmine: Live Event""

""Live Tech Takeover: New Arrivals""

""Electronics Bonanza: Live Now!""","Tune in to ""Unboxing Tech Treasures Live!"" for an exclusive sneak peek at the latest Electronics & Computers, including sleek laptops, cutting-edge smartphones, and innovative smart home devices. Watch as we unveil each product, highlighting key features and demonstrating unique functionalities, with plenty of chances to grab amazing deals in real-time. Don't miss out on the excitement and the opportunity to upgrade your tech collection!"
1,strm-43a2fc25,usr-b6b7a003,1,1,2023-12-08,2024-01-01,live,1856,45,0,sk_live_2a26f5e1,lk_stream_b1236b92,2023-10-21,cat-78146a0c,https://syntheticstreamthumbs.com/live/3c4298ce.jpg,2023-10-21,"""Live Tech Treasures Unveiled""

OR

""Gadget Gala: Shop Now Live!""

OR

""Electronics Extravaganza Live!""

OR

""Tech Showdown: Live Deals""

OR

""Live! Computer & Electronics""

OR

""Hot Tech Live: Shop Now!""

OR

""Live: Electronics & Computers""

OR

""Tech Tuesday Live""

OR

""Electronics & Computers Live Event""","**""Electronics Extravaganza Live!** Tune in to witness the latest in tech innovation, where you'll see everything from cutting-edge laptops and sleek smartphones to state-of-the-art accessories. This isn't just a shopping spree—it's an interactive experience with exclusive deals and live demos that will make you feel like you're at the front row of the next big tech conference."""
1,strm-a1a1c5d1,usr-441f0b7e,1,1,2023-11-11,2023-12-30,ended,1524,60,0,sk_live_75289fa6,lk_stream_b103a6e1,2023-07-02,cat-cb073c2a,https://syntheticstreamthumbs.com/live/8366e0fe.jpg,2023-07-02,"""Sizzling Kitchen Showcase Live!""

Or

""Unbeatable Kitchen Deals Live""

Or

""Kitchen Craze: Live Shopping Spree""

Or

""Live Kitchen Essentials Extravaganza""

Or

""Kitchen Dreams Come True Live!""","**Sizzling Kitchen Showcase Live!**
Join us for a live culinary adventure!  Watch as we showcase a variety of kitchen essentials, from high-quality cookware to innovative gadgets, all designed to elevate your cooking experience.  You may even get a live demonstration of some of these products in action.

**Unbeatable Kitchen Deals Live**
Get ready for some serious savings!  Our live stream is packed with unbeatable deals on a wide range of kitchen and dining products.  From sleek dinnerware sets to must-have appliances, you won't want to miss out on these incredible prices.

**Kitchen Craze: Live Shopping Spree**
Calling all food enthusiasts!  Join our live shopping spree and explore a world of kitchen wonders.  From state-of-the-art blenders to elegant glassware, discover the latest trends and essentials that will make your kitchen the heart of your home.

**Live Kitchen Essentials Extravaganza**
Dive into a world of kitchen essentials with our live shopping extravaganza!  From durable pots and pans to stylish serving dishes, we'll be showcasing a curated selection of high-quality items that will transform your cooking and dining experience.

**Kitchen Dreams Come True Live!**
Turn your kitchen dreams into reality with our live shopping event!  Watch as we unveil a stunning array of kitchen and dining products, from luxurious cutlery to smart appliances, all designed to inspire your inner chef and create a space you'll love spending time in."
1,strm-6a684563,usr-d0f14253,1,1,2024-01-09,2024-01-18,ended,528,17,0,sk_live_a9ec2571,lk_stream_df95f2fb,2023-09-23,cat-6bbd236e,https://syntheticstreamthumbs.com/live/84541d80.jpg,2023-09-23,"""Unleash the Fun: Party Extravaganza Live!""

""Get ready for some festive fun with our Party Supplies Showcase Live!""

""Party Time! Live Deals & Decorations!""

""Light Up The Night: Party Supplies Live!""

""Blast from the past! Party Supplies Live!""

""Let's get this party started: Live!""

""Party Central: Live Shopping Spree!""

""Festive Finds: Party Supplies Live!""

""Jumpstart Your Party: Live!""

""Your Ultimate Party Shop: Live!""","Tune in to ""Unleash the Fun: Party Extravaganza Live!"" for a dazzling array of party supplies and decorations, where you'll see everything from vibrant balloons and glittering streamers to themed tableware and creative DIY kits, with exclusive deals and expert tips from our festive hosts."
1,strm-e5bf6d19,usr-d4fc6324,1,1,2023-10-07,2024-01-20,cancelled,1216,30,0,sk_live_f7d8dfc6,lk_stream_6158aacb,2023-09-02,cat-6bbd236e,https://syntheticstreamthumbs.com/live/94078954.jpg,2023-09-02,"**Sparkling Party Supplies Extravaganza!**

**Unboxing the Party Perfectly**

**Party Essentials Unveiled!**

**Sizzling Party Deals Live**

**Party in a Box**

**Party Time**

**Party Packed**

**Party Surprises Live**

**Party Showcase**

**Party  Fun**","**Join us for the Sparkling Party Supplies Extravaganza!** where we'll be unveiling a dazzling array of party essentials, including themed decorations, tableware, and fun accessories. Viewers can expect to see everything from shimmering tablecloths to whimsical centerpieces, all while enjoying special live-only deals. Watch as we unbox and showcase a variety of items that will make your next celebration truly unforgettable, with plenty of surprises and interactive segments throughout the stream."
1,strm-b3c9fce3,usr-a0166e9b,1,1,2023-08-11,2023-09-04,ended,1119,21,0,sk_live_10b855fc,lk_stream_20581628,2023-12-02,cat-761dc998,https://syntheticstreamthumbs.com/live/61b10334.jpg,2023-12-02,"""Vintage Treasures Unveiled Live!""","Tune in to 'Vintage Treasures Unveiled Live!' for an enchanting journey through time, where you'll discover unique antiques and vintage items, all in pristine condition. Expect to see everything from ornate furniture, to vintage clothing, and rare collectibles, each with its own story to tell. The host will offer live, detailed descriptions and share historical insights, making this a live shopping experience like no other."
1,strm-936077de,usr-5526c15b,1,1,2023-12-25,2024-01-30,live,1075,96,1,sk_live_3fb05c1c,lk_stream_8f54bcce,2023-11-24,cat-6bbd236e,https://syntheticstreamthumbs.com/live/16ec7aad.jpg,2023-11-24,"""Sparkling Party Essentials Live!""

or

""Unwrap Party Magic Live!""

or

""Balloon Bonanza Live!""

or

""Party Perfection Live!""

or

""Glowing Party Picks Live!""","**""Sparkling Party Essentials Live!""** Get ready to dazzle your next celebration with a rainbow of party supplies! We'll be showcasing an array of decorations, balloons, and other fun party essentials that will make your party shine.

**Unwrap Party Magic Live!""** Join us as we unveil a treasure trove of party decorations and supplies! From confetti to tableware, get ready to be inspired for your next event.

**""Balloon Bonanza Live!""** Prepare for a sea of color as we dive into an array of balloons, from classic latex to shimmering foil! We'll also explore our selection of balloon decorations.

**""Party Perfection Live!""** See how easy it is to create a show-stopping party with our wide range of decorations, from streamers to centerpieces! Our hosts will show off some creative ideas that will make your celebration unforgettable.

**""Glowing Party Picks Live!""** Illuminate your next event with our glowing party essentials! From neon decorations to glowing balloons, we'll be highlighting a variety of products that will make your party shine bright."
1,strm-99d42d21,usr-5fa305ea,1,1,2023-12-23,2023-12-28,ended,1558,84,0,sk_live_ef500c51,lk_stream_070b2df8,2023-11-06,cat-4901a8dc,https://syntheticstreamthumbs.com/live/d322b9b9.jpg,2023-11-06,"""Unboxing Fun: Toy & Game Extravaganza!""

""Playtime Live: Toys & Games Bonanza""

""Level Up: Live Toy & Game Showcase""

""Game On: Toys & Board Games Live Event""

""Toy Tales: Live Shopping Spree""","**Unboxing Fun: Toy & Game Extravaganza** - Join us for a thrill as we dive into a treasure trove of toys and board games, with live unboxings and demos, revealing the newest and most exciting items from popular brands.  We will showcase a variety of items including action figures, puzzles, and board games.

**Playtime Live: Toys & Games Bonanza** - Experience the joy of playtime with us as we explore the latest toys and board games, featuring interactive segments where viewers can suggest items for a special giveaway.

**Level Up: Live Toy & Game Showcase** - Step into a world of endless fun as we showcase the latest toys and board games, including exclusive sneak peeks and behind-the-scenes looks at upcoming releases.

**Game On: Toys & Board Games Live Event** - Get ready for an immersive experience as we dive into the world of toys and board games, with live demos, expert reviews, and a chance for viewers to win exciting prizes.

**Toy Tales: Live Shopping Spree** - Embark on a shopping adventure with us as we explore a wide range of toys and board games, featuring live unboxings, exclusive deals, and a chance for viewers to win special prizes."
1,strm-e3de0178,usr-075438cc,1,1,2023-09-24,2023-11-26,scheduled,1237,76,0,sk_live_dfd15092,lk_stream_51467c02,2024-01-04,cat-cb073c2a,https://syntheticstreamthumbs.com/live/d92699e8.jpg,2024-01-04,"**Unwrap Kitchen Magic Live!**

**Sizzling Kitchen Steals Now!**

**Cook Up Savings Live Now!**

**Kitchen Craze: Live Deals!**

**Unleash Kitchen Joy Live!**

**Kitchen Clearance: Live!**","**Unwrap Kitchen Magic Live!** Join us for a live shopping extravaganza where you'll see a dazzling array of Kitchen & Dining products, from sleek cookware to stylish dinner sets. Get ready to snag exclusive deals, with new surprises every few minutes, and engage with our hosts for special giveaways!"
1,strm-e5b4b416,usr-0014ea7d,1,1,2023-11-03,2024-01-15,ended,442,93,0,sk_live_c01c4c75,lk_stream_29ec6583,2023-08-17,cat-748b7c24,https://syntheticstreamthumbs.com/live/43150a7f.jpg,2023-08-17,"**Adventure Awaits: Live Sports Gear Showcase!**

or

**Score Big Savings: Sports & Outdoors Live!**

or

**Unleash Adventure: Live Sports Gear Event!**

or

**Live Sports Gear Extravaganza!**

or

**Sports & Outdoors Live Shopping Spree!**","**Adventure Awaits: Live Sports Gear Showcase!**

Join us for an adrenaline-fueled live stream where we'll be showcasing the latest in sports gear. Viewers will see live demonstrations of cutting-edge equipment, from high-performance bicycles and hiking gear to advanced fitness trackers, all designed to elevate your outdoor experiences.

**Score Big Savings: Sports & Outdoors Live!**

Dive into a world of savings with our live sports gear event! Expect to see a wide array of items including camping essentials, water sports equipment, and athletic apparel, all at unbeatable prices.

**Unleash Adventure: Live Sports Gear Event!**

Get ready to unleash your adventurous spirit with our live sports gear event! Viewers will get an up-close look at top-tier gear like mountain bikes, kayaks, and rugged backpacks, all while enjoying exclusive deals and expert insights.

**Live Sports Gear Extravaganza!**

Prepare for a thrilling live sports gear extravaganza! Viewers will witness live product demos, from snowboards and skis to fitness equipment and outdoor apparel, all while enjoying limited-time offers and giveaways.

**Sports & Outdoors Live Shopping Spree!**

Embark on a live shopping spree filled with thrilling deals on sports gear! Viewers will discover a treasure trove of items including running shoes, tents, and yoga accessories, all while enjoying interactive features and real-time discounts."
1,strm-2f4d4406,usr-396286a8,1,1,2023-08-28,2023-09-13,ended,1502,95,0,sk_live_bac332a3,lk_stream_acd19dd2,2023-07-18,cat-c780a612,https://syntheticstreamthumbs.com/live/119ed3f0.jpg,2023-07-18,"""Lightning Deals: Tech Tuesday Live!""

""Hot Gadgets: Live Shopping Spree!""

""Unboxing Live: Top Tech Picks!""

""Tech Treasure Hunt: Live Now!""

""Gear Up: Live Electronics Extravaganza!""

""Deals on Demand: Live Tech Showcase""

""Plugged In: Live Electronics Event""

""Power Up: Live Tech Shopping""

""Tech Takeover: Live Deals Await!""

""Live Tech: Big Savings, Big Deals""","**Lightning Deals: Tech Tuesday Live!** - Tune in for a non-stop tech extravaganza, with exclusive lightning deals on the latest laptops, smartphones, and smart home devices. Our hosts will be unboxing live, showcasing top picks, and providing expert insights, ensuring you don't miss out on the best deals.

**Hot Gadgets: Live Shopping Spree!** - Join our live shopping spree where you'll see the hottest gadgets on the market, including smartwatches, wireless earbuds, and cutting-edge accessories. With special guest appearances from tech experts, you'll be the first to know about the latest innovations and score amazing deals.

**Unboxing Live: Top Tech Picks!** - Watch as we unbox the top tech picks of the season, featuring the newest laptops, tablets, and gaming consoles. Our hosts will provide hands-on demos, highlighting key features and sharing exclusive deals, ensuring you make informed decisions.

**Tech Treasure Hunt: Live Now!** - Embark on a live tech treasure hunt with us, where you can win exciting prizes and score incredible deals on a variety of electronics. From cameras to drones, there's something for everyone in this action-packed live stream.

**Gear Up: Live Electronics Extravaganza!** - Gear up for the ultimate electronics shopping experience, featuring live demos and exclusive deals on a wide range of products. Expect to see the latest in home entertainment, fitness trackers, and smart home devices.

**Deals on Demand: Live Tech Showcase** - Experience deals on demand with our live tech showcase, featuring a curated selection of electronics from top brands. With live demos and expert insights, you'll have everything you need to make informed purchasing decisions.

**Plugged In: Live Electronics Event** - Plug into the ultimate electronics event, where you'll see the latest in audio equipment, gaming gear, and home appliances. Our hosts will be providing live demos, sharing exclusive deals, and answering your questions.

**Power Up: Live Tech Shopping** - Power up your shopping experience with our live tech event, featuring a wide range of electronics, including smart home devices, gaming accessories, and wearable tech. With live demos and exclusive deals, you won't want to miss out.

**Tech Takeover: Live Deals Await!** - Join the tech takeover with live deals on the latest electronics, from laptops to drones. Our hosts will be showcasing the newest products, providing expert insights, and sharing exclusive discounts.

**Live Tech: Big Savings, Big Deals** - Get ready for big savings and big deals on the latest electronics, featuring live demos and exclusive offers. From smartphones to smart home devices, you'll find everything you need to upgrade your tech collection."
1,strm-9d41553d,usr-b10d01b6,1,1,2023-09-02,2023-11-13,live,656,77,0,sk_live_f72081ef,lk_stream_c68ac21b,2023-08-07,cat-2b2091b2,https://syntheticstreamthumbs.com/live/c0f73f13.jpg,2023-08-07,""" Unboxing Tech Treasures Live!""","Tune in to 'Unboxing Tech Treasures Live!' for an electrifying journey through the latest in electronics and computers. Watch as we unveil cutting-edge gadgets, from sleek laptops to state-of-the-art smart devices, and explore their features in real-time. Get ready for exclusive deals, giveaways, and expert insights that will make your tech dreams a reality."
1,strm-6ef15bf5,usr-ed39d2c7,1,1,2023-11-20,2023-12-13,ended,647,49,0,sk_live_abb7b560,lk_stream_b5d4a1fb,2023-10-16,cat-41c38560,https://syntheticstreamthumbs.com/live/88c598b6.jpg,2023-10-16,"""Rev Up Your Ride: Live Motorcycle Deals""

""Motorcycle Madness: Live Shopping Spree""

""Live: Unleash Your Adventure""

""Motorcycle Marvels: Live Deals""

""Powersports Extravaganza: Shop Live""

""Live: Your Motorcycle Wishlist""

""Ride into Savings: Live Motorcycle""

""Motorcycle Mania: Live Shopping""

""Live: Powersports Unleashed""

""Your Motorcycle Dream: Live!""","Tune in to ""Rev Up Your Ride: Live Motorcycle Deals"" and cruise through an exciting lineup of motorcycles and powersports gear. Viewers will see live demos of the latest bikes, from sleek sport models to rugged off-road machines, along with exclusive deals on helmets, apparel, and accessories. The stream will feature special guest appearances from industry experts and enthusiasts, and you will be able to ask questions and get real-time answers."
1,strm-1fa57a4c,usr-2659d7eb,1,1,2023-10-08,2024-01-16,ended,1277,65,0,sk_live_14be82f9,lk_stream_00d3353b,2024-01-08,cat-493f7f26,https://syntheticstreamthumbs.com/live/f69e9bdd.jpg,2024-01-08,"""Unbeatable Furniture & Decor Sale Live!""

""Furniture & Decor Showcase Today!""

""Live Furniture & Decor Flash Sale!""

""Furniture & Decor Steals Live Now!""

""Furniture & Decor Bargains Live!""

""Furniture & Decor Deals Live Today!""

""Furniture & Decor Live Shopping Spree!""

""Furniture & Decor Hot Deals Live!""

""Furniture & Decor Live Sale Event!""

""Furniture & Decor Live Shopping Bonanza!""","**Unbeatable Furniture & Decor Sale Live!** - Tune in for a whirlwind tour of beautifully crafted furniture and stunning decor pieces, all at irresistible prices! You'll see everything from stylish sofas to elegant lighting, and even unique wall art. Get ready to transform your space with our exclusive live deals.

**Furniture & Decor Showcase Today!** - Join us for a curated showcase of the season's hottest furniture and decor trends. You'll see modern, rustic, and classic styles all in one place, with experts on hand to answer your design questions. Expect to discover hidden gems!

**Live Furniture & Decor Flash Sale!** - This is your chance to snag amazing deals on a wide array of furniture and decor items. You'll see everything from cozy bedding to chic accent chairs. Be the first to grab our flash deals!

**Furniture & Decor Steals Live Now!** - Prepare to be amazed by the incredible steals on offer! From luxurious rugs to statement mirrors, you'll find unique pieces to elevate your home. Don't miss out on these hot deals!

**Furniture & Decor Bargains Live!** - Get ready to score big with our live furniture and decor bargains! You'll see an eclectic mix of items, from vintage-inspired decor to contemporary furniture. Find that perfect piece!

**Furniture & Decor Deals Live Today!** - This is your last chance to grab today's deals! You'll see a variety of furniture and decor items, including trendy throw pillows, stylish coffee tables, and more. Get ready to shop!

**Furniture & Decor Live Shopping Spree!** - Embark on a live shopping spree filled with stunning furniture and decor finds. You'll see an extensive range of items, from plush sofas to eye-catching wall decor. Enjoy the fun!

**Furniture & Decor Hot Deals Live!** - It's time to upgrade your space with our hot deals on furniture and decor! You'll see everything from sleek entertainment centers to cozy area rugs. Don't miss these live steals!

**Furniture & Decor Live Sale Event!** - Join our live sale event for an exciting lineup of furniture and decor. You'll see a mix of styles and trends, from minimalist to bohemian. Find your perfect match!

**Furniture & Decor Live Shopping Bonanza!** - Get ready for a shopping bonanza filled with incredible furniture and decor finds! You'll see a vast selection of items, from stylish bookcases to trendy accent pieces. Don't miss out!"
1,strm-ad7e1ae3,usr-f1ddcacd,1,1,2024-01-20,2024-01-27,ended,1250,76,0,sk_live_759a2033,lk_stream_5570d17a,2023-11-17,cat-50b6191b,https://syntheticstreamthumbs.com/live/fd816856.jpg,2023-11-17,"**""Sizzling Kitchen Bargains Live!""**

Or

**""Kitchen Craze: Live Deals Await!""**

Or

**""Unbeatable Kitchen Savings Live Now!""**

Or

**""Live Kitchen Clearance Extravaganza!""**

Or

**""Kitchen Steals Live! Shop Now!""**","**Sizzling Kitchen Bargains Live!** Tune in to see a fiery array of discounted kitchen essentials, from top-notch cookware to elegant dining sets, all available at unbeatable prices. This stream features a variety of items, including high-quality knives, pots, pans, and more, all demonstrated by our live hosts.

Or

**Kitchen Craze: Live Deals Await!** Join us for a whirlwind tour of discounted kitchen and dining treasures, where you'll discover everything from sleek dinnerware to innovative gadgets. This stream features a variety of items, including high-quality knives, pots, pans, and more, all demonstrated by our live hosts.

Or

**Unbeatable Kitchen Savings Live Now!** Dive into a world of incredible deals on premium kitchen and dining products, including high-quality knives, pots, pans, and more. Our live hosts will showcase a variety of items and answer any questions you may have.

Or

**Live Kitchen Clearance Extravaganza!** Experience the thrill of the ultimate kitchen clearance event, with steep discounts on a wide range of products, from cookware to dining sets. This stream features a variety of items, including high-quality knives, pots, pans, and more, all demonstrated by our live hosts.

Or

**Kitchen Steals Live! Shop Now!** Get ready to snag amazing deals on top-tier kitchen and dining items, with live demonstrations and exclusive discounts. This stream features a variety of items, including high-quality knives, pots, pans, and more, all demonstrated by our live hosts."
1,strm-df3cb92c,usr-b9021239,1,1,2023-10-08,2023-10-19,ended,1417,69,0,sk_live_2b8421dd,lk_stream_640a09ba,2023-07-31,cat-21696fca,https://syntheticstreamthumbs.com/live/f0abe81b.jpg,2023-07-31,"""Unleash Adventure: Live Sports Gear Deals!""","Tune in to 'Unleash Adventure: Live Sports Gear Deals!' for an action-packed live stream filled with thrilling demonstrations of top-tier sports equipment. Viewers can expect to see a wide array of products, from high-performance running shoes to durable camping gear and cutting-edge fitness trackers. Special features include exclusive discounts and expert tips from sports enthusiasts, making it a must-watch for outdoor adventurers and fitness enthusiasts alike."
1,strm-0ec48551,usr-5fa305ea,1,1,2023-08-16,2024-01-01,live,40,30,1,sk_live_2b88b5e5,lk_stream_f9c5c50a,2023-11-08,cat-21696fca,https://syntheticstreamthumbs.com/live/00c21ae4.jpg,2023-11-08,"""Unleash Your Adventure: Live Sports Gear Sale!""

Or

""Score Big: Live Sports & Outdoors Gear Event""

Or

""Outdoor Enthusiast's Dream: Live Gear Showcase""

Or

""Live Sports & Outdoors Gear Extravaganza""

Or

""Gear Up Live: Sports & Outdoors Event""","**Unleash Your Adventure: Live Sports Gear Sale!**

Join us as we transform your living room into a sports lover's paradise with our live Sports Gear Sale!  Get ready to see a wide range of gear, from high-performance running shoes to durable camping equipment, all at unbeatable prices.  Don't miss out on exclusive deals and expert tips to enhance your next outdoor adventure or sports activity.

**Score Big: Live Sports & Outdoors Gear Event**

Get ready to score big savings on top-quality sports and outdoors gear!  Tune in to see a variety of products, including fitness equipment, hiking gear, and team sports accessories, all showcased live.  With special guest appearances and live demonstrations, this event is a home run for any sports enthusiast or outdoor adventurer.

**Outdoor Enthusiast's Dream: Live Gear Showcase**

Calling all outdoor enthusiasts!  Immerse yourself in our live gear showcase, featuring a vast array of products designed to elevate your adventures.  From tents and backpacks to fishing gear and climbing equipment, see it all live on stream.  Plus, enjoy expert reviews, tips, and tricks from seasoned outdoorsmen.

**Live Sports & Outdoors Gear Extravaganza**

Prepare for a shopping extravaganza like no other!  Our live stream features an incredible selection of sports and outdoors gear, including cycling equipment, golf accessories, and winter sports gear.  With real-time demonstrations, behind-the-scenes looks, and amazing deals, this event is a must-watch for anyone who loves the outdoors or competitive sports.

**Gear Up Live: Sports & Outdoors Event**

Gear up for an unforgettable shopping experience with our live Sports & Outdoors Event!  Witness a wide range of products, from yoga mats and resistance bands to kayaks and mountain bikes.  With live Q&A sessions, giveaways, and exclusive discounts, this event is the ultimate destination for sports enthusiasts and outdoor adventurers alike."
1,strm-2f4844e7,usr-0d757a3f,1,1,2023-08-21,2024-01-06,ended,1119,47,0,sk_live_86e1055a,lk_stream_f27f404f,2023-07-29,cat-7b957e1e,https://syntheticstreamthumbs.com/live/3064fd9b.jpg,2023-07-29,"""Rev Up Your Ride: Live Auto Deals!""

""Auto Upgrades Extravaganza Live!""

""Live Auto Accessories Blowout!""

""Purrfect Auto Parts Showcase Live!""

""Auto Accessories Live Shopping Spree!""","**""Rev Up Your Ride: Live Auto Deals!""** Tune in to see a wide array of automotive parts and accessories, with exclusive live deals and expert advice on upgrades. You might see custom rims, performance parts, and high-tech car gadgets, and don't miss out on the live Q&A with our auto experts!

**Auto Upgrades Extravaganza Live!""** Get ready for a thrilling showcase of the latest auto upgrades, with live demonstrations and special discounts. You might see cold-air intakes, exhaust systems, and even custom paint jobs, all while learning about the benefits of each upgrade.

**Live Auto Accessories Blowout!""** Join us for an exciting blowout sale on auto accessories, featuring live deals and giveaways. You might see everything from seat covers and floor mats to dash cams and car organizers, all at unbeatable prices.

**""Purrfect Auto Parts Showcase Live!""** Discover the purrfect auto parts and accessories for your ride, with live demos and expert tips. You might see brake kits, suspension upgrades, and even custom lighting, all while learning about the benefits of each part.

**""Auto Accessories Live Shopping Spree!""** Join us for a live shopping spree featuring a wide range of auto accessories, with exclusive deals and free shipping on select items. You might see everything from car covers and steering wheel covers to phone mounts and car vacuums, all while enjoying the convenience of shopping from home."
1,strm-ba2f040c,usr-fc4a2cf1,1,1,2024-01-06,2024-01-29,live,84,80,0,sk_live_1078f7dd,lk_stream_3607c8a4,2023-10-30,cat-67afb614,https://syntheticstreamthumbs.com/live/791f759c.jpg,2023-10-30,"""Adorable Baby Fashion Live Sale!""

""Cute Kids Clothes Countdown!""

""Baby & Kids Style Showdown!""

""Tiny Tots Fashion Fest!""

""Kids & Baby Closet Clearance!""","Tune in to our ""Adorable Baby Fashion Live Sale!"" for a delightful shopping experience filled with the latest trends in kids and baby fashion. You'll see a curated selection of cute outfits, adorable accessories, and must-have essentials for tiny tots, all at irresistible prices. Plus, get ready for exclusive deals, as we countdown to the end of the stream with our ""Cute Kids Clothes Countdown!"" and our ""Tiny Tots Fashion Fest!"" will feature fun and interactive segments."
1,strm-4b3507bb,usr-0b427144,1,1,2024-01-19,2024-01-31,live,1548,89,0,sk_live_b2ab1afe,lk_stream_7f7fdfba,2023-10-03,cat-69f99a36,https://syntheticstreamthumbs.com/live/091891ad.jpg,2023-10-03,"**Live Garden Getaway: Exclusive Deals Await!**

**Unboxing Home Haven: Live Today!**

**Garden, Home and Tools Extravaganza**

**Tool Time Live: Garden, Home & Tools Bonanza**

**Home, Garden & Tools: Live Shopping Spree**

**Garden, Home & Tools Live: Unbeatable Offers!**

**Transform Your Space: Home, Garden & Tools Live!**

**Home, Garden & Tools Live: Exclusive Deals!**

**Garden, Home & Tools: Live Shopping Event!**

**Home, Garden & Tools: Live Big Savings!**","**Live Garden Getaway: Exclusive Deals Await!** Tune in to transform your outdoor space with live demos of top-tier gardening tools and decor. You'll see exclusive deals on everything from durable power tools and handy gadgets to stylish patio furniture and lush plants.

**Unboxing Home Haven: Live Today!** Get ready to upgrade your living space as we unveil a treasure trove of home essentials, unique decor, and innovative gadgets. Watch as we unbox and demonstrate must-have items that will elevate your home's style and function.

**Garden, Home and Tools Extravaganza** Join us for a jam-packed live stream featuring an array of gardening essentials, home decor, and power tools. Expect live demos, expert tips, and unbeatable deals on everything from lawn care tools to smart home gadgets.

**Tool Time Live: Garden, Home & Tools Bonanza** Rev up your DIY projects with our live stream dedicated to power tools, gardening equipment, and home improvement essentials. See live tool demonstrations, and snag exclusive deals on high-quality brands.

**Home, Garden & Tools: Live Shopping Spree** Embark on a shopping adventure with live demonstrations of home decor, gardening tools, and power equipment. Discover unique items, get expert advice, and enjoy special offers on curated collections.

**Garden, Home & Tools Live: Unbeatable Offers!** Dive into a world of savings with our live stream featuring gardening tools, home decor, and power equipment. Watch live demos, and take advantage of unbeatable deals on top brands and exclusive products.

**Transform Your Space: Home, Garden & Tools Live!** Elevate your home and garden with our live stream showcasing stylish decor, essential tools, and innovative gadgets. See live transformations, get design tips, and enjoy exclusive discounts.

**Home, Garden & Tools Live: Exclusive Deals!** Indulge in a shopping experience like no other with live demonstrations of home decor, gardening essentials, and power tools. Enjoy exclusive deals, expert advice, and the chance to win exciting giveaways.

**Garden, Home & Tools: Live Shopping Event!** Join our live shopping event featuring a curated selection of gardening tools, home decor, and power equipment. Watch live demos, get inspired, and take advantage of special offers on premium products.

**Home, Garden & Tools: Live Big Savings!** Experience the thrill of big savings with our live stream featuring an extensive range of home decor, gardening essentials, and power tools. Enjoy live demonstrations, expert tips, and unbeatable deals on top brands."
1,strm-61d1160c,usr-441f0b7e,1,1,2024-01-20,2024-01-27,ended,1104,77,0,sk_live_32ed0e91,lk_stream_8fa4cb31,2023-09-24,cat-50b6191b,https://syntheticstreamthumbs.com/live/e85cf7c8.jpg,2023-09-24,"""Sizzling Kitchen Showcase Live!""
""Unwrap Kitchen Deals Live!""
""Stir Up Savings: Kitchen Live!""
""Kitchen Craze: Live Deals""
""Cooking Up Bargains Live!""","**Sizzling Kitchen Showcase Live!** Tune in to see a live kitchen transformation with 50% off deals on everything from cookware sets and appliances to stylish dinnerware.  Viewers will see exclusive live demos of products and a  special guest chef sharing cooking tips and tricks.

**Unwrap Kitchen Deals Live!** Join us as we unveil massive discounts on top Kitchen & Dining brands. Viewers will see  live demos of high-quality pots and pans, appliances, and more, with some items up to 70% off.

**Stir Up Savings: Kitchen Live!** Get ready to stock your kitchen with incredible savings on premium products. Viewers will see live demos of items like high-end blenders, air fryers, and dinnerware sets, with prices slashed up to 60% off.

**Kitchen Craze: Live Deals** Dive into a world of culinary excitement with live deals on Kitchen & Dining essentials. Viewers will see  live demos of must-have items like cookware, appliances, and more, with prices starting at just $10.

**Cooking Up Bargains Live!** Fire up your shopping list with live deals on Kitchen & Dining favorites. Viewers will see  live demos of items like professional-grade knives, cutting-edge appliances, and elegant tableware, with prices up to 75% off."
1,strm-aab943e8,usr-2e36bf40,1,1,2023-12-26,2024-01-07,live,516,11,1,sk_live_0a86f55f,lk_stream_4ea44775,2023-10-25,cat-6bbd236e,https://syntheticstreamthumbs.com/live/7482febd.jpg,2023-10-25,"""Sparkling Party Finds Live!""

""Unboxing Party Magic Live""

""Party Perfect Picks Live!""

""Glam Party Supplies Live!""

""Party Essentials Live Sale!""

""Sizzling Party Deals Live""

""Party Time Finds Live""

""Party Decor Delights Live""

""Party Extras Live!""","**""Sparkling Party Finds Live!""** Join us for a dazzling display of party supplies, from shimmering decorations to sparkling tableware, and be prepared to sparkle with joy as we reveal exclusive deals and must have party items.
**""Unboxing Party Magic Live""** Get ready to watch as we unbox a treasure trove of party supplies, revealing everything from whimsical decorations to enchanting favors, with exciting giveaways and surprises along the way.
**""Party Perfect Picks Live!""** Discover our handpicked selection of party supplies, featuring the season's hottest trends and timeless classics, with expert tips on creating picture-perfect celebrations.
**""Glam Party Supplies Live!""** Indulge in the glamour of our luxurious party supplies, from elegant table linens to stunning centerpieces, and enjoy personalized styling advice from our in-house party experts.
**""Party Essentials Live Sale!""** Stock up on essential party supplies at unbeatable prices, including disposables, decor, and favors, with exclusive bundle deals and limited-time offers.
**""Sizzling Party Deals Live""** Watch as we sizzle through the best deals on party supplies, from festive decor to fun favors, with exciting discounts and bundles that will make your party planning a breeze.
**""Party Time Finds Live""** Join the party and explore our curated selection of party supplies, featuring unique finds and trendy items, with plenty of inspiration for your next celebration.
**""Party Decor Delights Live""** Immerse yourself in a world of party decor delights, from enchanting backdrops to whimsical balloons, with creative ideas and expert tips for transforming your space into a show-stopping party venue.
**""Party Extras Live!""** Add the perfect finishing touches to your celebration with our array of party extras, including customizable signage, fun photo booth props, and interactive games, with exciting deals and bundles."
1,strm-c206d48d,usr-ae2f98ba,1,1,2023-11-24,2024-01-10,scheduled,1750,21,0,sk_live_d938a224,lk_stream_1ab18a1e,2023-08-19,cat-69f99a36,https://syntheticstreamthumbs.com/live/877aa033.jpg,2023-08-19,"**Live Garden Getaway: Epic Deals Await!**

**Garden Dreaming: Live Sales Extravaganza**

**Transform Your Garden: Live Shopping**

**Garden Oasis: Live Sale Happening Now**

**Live Garden Sale: Your Green Space Awaits**

**Garden Paradise: Live Shopping Event**

**Garden Sale: Live Shopping For Your Outdoor Space**

**Live Garden Deals: Shop Now**

**Garden Shopping Live: Upgrade Your Space**

**Live Garden Sale: Great Deals Today!**","Tune in to our '**Live Garden Getaway: Epic Deals Await!**' live stream to transform your outdoor space into a lush oasis! Viewers will see an array of premium garden tools, decorative planters, and lush greenery up for grabs at unbeatable prices, with exclusive deals revealed throughout the stream. Our expert hosts will provide real-time tips and tricks for garden enthusiasts, ensuring you make the most of your green space."
1,strm-56450eb2,usr-0b427144,1,1,2023-08-02,2023-09-18,ended,1737,9,0,sk_live_1918e7a9,lk_stream_200e3c11,2024-01-08,cat-c780a612,https://syntheticstreamthumbs.com/live/34a85df4.jpg,2024-01-08,"""Unboxing Tech Live: Laptops & More!""

""Live Tech Bazaar: Laptops & Gadgets""

""Laptop Live: Epic Tech Deals!""

""Tech Live: Laptops, Gadgets, and More!""

""Live Gadget Grab: Laptops & Tech""

""Laptop Live: Unboxing the Future!""","""Join us for 'Laptop Live: Unboxing the Future!' and witness the thrill of unveiling the latest laptops and tech gadgets as they're opened live on stream. Viewers can expect to see cutting-edge features, from powerful processors to stunning displays, all while enjoying exclusive deals and giveaways, making it a must-watch event for tech enthusiasts.""

""Tune in to 'Tech Live: Laptops, Gadgets, and More!' for an immersive shopping experience featuring a wide array of electronics, including sleek laptops, innovative gadgets, and must-have accessories. This stream is your front-row seat to the newest tech trends and unbeatable discounts, all from the comfort of your home.""

""Get ready for 'Live Gadget Grab: Laptops & Tech', where you'll see an exciting lineup of the latest laptops and tech gadgets being unboxed live. From high-performance laptops to the newest in tech accessories, you'll be the first to see what's hot and what's not, with special deals and surprises along the way.""

""Don't miss 'Laptop Live: Epic Tech Deals!' where you'll see an array of high-quality laptops and electronics unboxed live, featuring the latest in tech innovation. Watch as we reveal the newest models and enjoy exclusive deals and giveaways, making this stream a tech lover's paradise.""

""Experience the excitement of 'Live Tech Bazaar: Laptops & Gadgets' and be the first to see the latest laptops and tech gadgets as they're unboxed live on stream. With a variety of products, including powerful laptops and innovative gadgets, this stream offers an immersive shopping experience with exclusive deals and giveaways, perfect for tech enthusiasts."""
1,strm-75961e0f,usr-396286a8,1,1,2023-09-15,2023-11-24,live,1742,55,0,sk_live_1ca72b0a,lk_stream_e720219f,2023-12-08,cat-b273dcd0,https://syntheticstreamthumbs.com/live/b22e9f94.jpg,2023-12-08,"""Vintage Treasures Live Auction!""

""Live Antique Jewelry Showcase!""

""Vintage Decor Live Sale!""

""Antique Finds Live Shopping!""

""Vintage Fashion Live Event!""","**Vintage Treasures Live Auction!** Step into a time capsule as we unveil an eclectic mix of vintage and antique treasures. From delicate Art Deco jewelry to mid-century modern furniture, each item tells a story waiting to be discovered. This is your chance to bid on unique pieces that will add character and charm to your space.

**Live Antique Jewelry Showcase!** Prepare to be dazzled by a sparkling collection of antique and vintage jewelry, spanning from the Edwardian era to the 1980s. Our expert host will guide you through the history and craftsmanship of each piece, offering insights that will make your shopping experience truly enlightening.

**Vintage Decor Live Sale!** Transform your home into a museum of timeless style as we showcase an array of vintage decor items. Expect to see everything from retro kitchenware to ornate mirrors, all ready to be reclaimed for a new era. This stream is a treasure trove for those who appreciate the beauty of the past.

**Antique Finds Live Shopping!** Embark on a digital treasure hunt as we showcase an assortment of antique finds, each with its own unique history. From vintage books to antique tools, there's something for every collector. Our knowledgeable host will provide fascinating insights into each item's provenance.

**Vintage Fashion Live Event!** Step onto the runway of nostalgia as we present a curated collection of vintage fashion. From iconic designer pieces to timeless accessories, this event is a must-see for fashion enthusiasts. Expect to see everything from 1920s flapper dresses to 1990s grunge staples, all in pristine condition and ready to be cherished once again."
1,strm-6096ed1e,usr-fc3f611c,1,1,2023-09-23,2023-10-08,ended,1509,84,0,sk_live_fdfc7236,lk_stream_35206b30,2023-08-23,cat-98154b34,https://syntheticstreamthumbs.com/live/ae90d988.jpg,2023-08-23,"""Unbeatable Garden Getaway Live!""

""Live Home Makeover Extravaganza""

""Garden Paradise Sale Live Now""

""Tool Time Live! Garden Edition""

""Live Garden & Home Transformation""

""Garden & Home Dream Sale Live""

""Live Home and Garden Deals""

""Garden & Home Live Shopping Spree""","**Unbeatable Garden Getaway Live!** - Dive into a lush oasis from the comfort of your home as we showcase top-tier garden essentials, from stylish patio furniture to state-of-the-art grilling equipment, and must-have tools to help you transform your outdoor space into a tranquil retreat.

**Live Home Makeover Extravaganza** - Tune in to witness stunning home transformations unfold in real-time, featuring an array of furniture, decor, and home improvement tools to elevate your living space, with exclusive deals and expert tips.

**Garden Paradise Sale Live Now** - Step into a green haven with our live garden sale, offering a wide range of plants, gardening tools, and outdoor decor, with special guest appearances from gardening experts.

**Tool Time Live! Garden Edition** - Gear up for your next DIY project with our live tool extravaganza, featuring power tools, hand tools, and gardening essentials, with live demonstrations and unbeatable deals.

**Live Garden & Home Transformation** - Watch as we revamp a garden and home live on air, revealing stunning before-and-after results, featuring a variety of home improvement tools, furniture, and decor, with exclusive discounts.

**Garden & Home Dream Sale Live** - Indulge in the ultimate shopping experience with our garden and home sale, offering an extensive selection of plants, outdoor decor, furniture, and tools, with live giveaways and special guest appearances.

**Live Home and Garden Deals** - Shop till you drop with our live home and garden deals, featuring a vast array of products, from furniture and decor to tools and outdoor essentials, with exclusive discounts and bundle offers.

**Garden & Home Live Shopping Spree** - Join the ultimate shopping spree, featuring a wide range of garden and home products, from plants and outdoor decor to furniture and tools, with live giveaways, special guest appearances, and exclusive deals."
1,strm-3ffda9bd,usr-856e1aa6,1,1,2023-09-02,2023-11-09,ended,894,98,0,sk_live_e153c2e3,lk_stream_df79a187,2024-01-09,cat-493f7f26,https://syntheticstreamthumbs.com/live/cb4e9e77.jpg,2024-01-09,"""Ultimate Furniture Haul Live!""

""Transform Your Space: Furniture Showcase""

""Live Furniture Finds You'll Love""

""Furniture Extravaganza Live Sale""

""Decor Dreams: Furniture Live Stream""

""Furniture Frenzy: Live Shopping""

""Live Furniture & Decor Bonanza""","**Ultimate Furniture Haul Live!** - Dive into a treasure trove of stylish and affordable furniture pieces, where you'll see everything from cozy sofas to chic coffee tables. This live stream is a furniture lover's dream, with exclusive deals and a virtual showroom tour that lets you experience the products firsthand, plus a special reveal of a curated furniture collection.

**Transform Your Space: Furniture Showcase** - Watch as we unveil a variety of furniture and decor items that will inspire you to reinvent your living space. With a mix of trendy and timeless pieces, you'll get a front-row seat to a stylish home makeover and a chance to shop unique items at unbeatable prices.

**Live Furniture Finds You'll Love** - Join us for a live shopping experience featuring an array of furniture and decor items that are sure to elevate your home. From stylish seating to statement decor, you'll see a curated selection of items with a focus on quality and affordability.

**Furniture Extravaganza Live Sale** - Prepare to be dazzled by an extravaganza of furniture and decor finds, with exclusive deals and a fast-paced shopping experience. You'll see a variety of items, from furniture to accessories, and have the chance to ask questions and get live product demonstrations.

**Decor Dreams: Furniture Live Stream** - Step into a world of decor inspiration, where you'll see an array of furniture and decor items that will help you create your dream space. With a mix of styles and trends, you'll have the opportunity to shop unique pieces and get design ideas from our expert hosts.

**Furniture Frenzy: Live Shopping** - Get ready for a whirlwind of furniture and decor finds, with exclusive deals and a fast-paced shopping experience. You'll see a variety of items, from furniture to accessories, and have the chance to ask questions and get live product demonstrations.

**Live Furniture & Decor Bonanza** - Join us for a live shopping event featuring an array of furniture and decor items that will help you create a stylish and comfortable home. With a mix of styles and trends, you'll have the opportunity to shop unique pieces and get design ideas from our expert hosts."
1,strm-45c7cedf,usr-3a12affa,1,1,2023-10-26,2023-12-06,live,1841,3,0,sk_live_7f6541b3,lk_stream_b71e991d,2023-07-01,cat-91a7f805,https://syntheticstreamthumbs.com/live/41536975.jpg,2023-07-01,"""Unboxing Fun: Toy & Board Game Extravaganza Live!""

""Live Game Night: Best Toys and Board Games Unboxed!""

""Toy Time Live: Your Next Favorite Game""

""Board Game Bonanza: Live Toy & Game Showcase""

""Playtime Extravaganza: Live Toy & Board Game Event!""","**Unboxing Fun: Toy & Board Game Extravaganza Live!**

Tune in for a thrilling live stream filled with the excitement of unwrapping brand new toys and board games! Viewers can expect to see a variety of items from action figures to strategy games, with hosts providing a firsthand look at their features and playability, making it a must-watch for both kids and game enthusiasts.

**Live Game Night: Best Toys and Board Games Unboxed!**

Join us for an action-packed live stream where we'll be unveiling the latest and greatest in toys and board games! Watch as we delve into new and exciting products, offering insights into their unique mechanics and playability, and get ready to add some fresh fun to your game nights.

**Toy Time Live: Your Next Favorite Game**

Dive into a world of endless fun as we showcase a variety of toys and board games live! See the newest arrivals in the toy world, from action-packed board games to interactive puzzles and collectible figures, and get an insider's view on what makes them stand out.

**Board Game Bonanza: Live Toy & Game Showcase**

Get ready for a live shopping extravaganza packed with toys and board games! Witness the unveiling of new and exciting products, from cooperative adventures to competitive classics, with hosts providing a detailed look at their components and gameplay, ensuring you'll find your next favorite game.

**Playtime Extravaganza: Live Toy & Board Game Event!**

Join the fun as we celebrate the world of toys and board games with a live stream filled with surprises! Watch as we explore a vast array of items, from educational toys to thrilling board games, with hosts offering expert insights and demonstrations to help you find the perfect addition to your collection."
1,strm-874f61cd,usr-396286a8,1,1,2024-01-14,2024-01-15,scheduled,363,95,1,sk_live_dc2bb214,lk_stream_e22bca2f,2023-10-08,cat-6bbd236e,https://syntheticstreamthumbs.com/live/31a5f73e.jpg,2023-10-08,"""Unwrap Party Magic Live!""

""Sizzling Party Deals Live!""

""Party Extravaganza Live!""

""Hot Party Picks Live!""

""Live: Party Time Deals!""

""Sizzling Party Supplies Live!""

""Party Perfection Live!""

""Live: Party Decor Deals!""

""Party Fanatics Live!""","**Unwrap Party Magic Live!** Join us for a sparkling live stream where we'll unbox and showcase a dazzling array of party supplies and decorations, from enchanting tableware to whimsical centerpieces. This stream features exclusive deals and a magical atmosphere that will make your next event unforgettable, as we help you find the perfect items to bring your party to life.

**Sizzling Party Deals Live!** Get ready to ignite your celebrations with our live stream showcasing a sizzling selection of party supplies and decorations.  Watch as we demonstrate everything from vibrant balloons and streamers to festive tablecloths, all while offering hot deals on must-have party essentials.

**Party Extravaganza Live!** Step into a world of vibrant colors and endless possibilities as we present a extravagant live stream packed with party supplies and decorations. From dazzling photo booth props to elegant lighting solutions, witness the magic of transforming ordinary spaces into extraordinary party venues.

**Hot Party Picks Live!** Discover the hottest trends in party supplies and decorations with our live stream, featuring a curated selection of top picks. From chic metallic accents to playful inflatables, our expert hosts will guide you through the latest and greatest, ensuring your events are always in style.

**Live: Party Time Deals!** Join the party and save big with our live stream dedicated to amazing deals on party supplies and decorations. Watch as we unveil a variety of essentials, from fun confetti to stunning party backdrops, all while offering exclusive discounts that will make your celebrations more memorable and budget-friendly.

**Sizzling Party Supplies Live!** Heat up your party planning with our live stream, featuring a sizzling array of party supplies and decorations. From eye-catching banners to delightful party favors, immerse yourself in a world of festive finds and enjoy special offers that will elevate your events to new heights.

**Party Perfection Live!** Experience the ultimate party planning session with our live stream, where we'll help you achieve party perfection. Explore a wide range of supplies and decorations, from elegant table settings to captivating photo op backdrops, as we provide expert tips and exclusive deals.

**Live: Party Decor Deals!** Transform your party space into a showstopper with our live stream, featuring incredible deals on party decorations. From enchanting lighting to whimsical balloons, join us as we showcase a variety of decor items that will make your events truly unforgettable.

**Party Fanatics Live!** If you're a party fanatic, this live stream is for you! Immerse yourself in a world of vibrant party supplies and decorations, from festive banners to playful centerpieces. Join our enthusiastic hosts as they share expert tips, showcase the latest trends, and offer exclusive deals on must-have party essentials."
1,strm-7eb15c3b,usr-d756efe5,1,1,2023-12-15,2024-01-10,scheduled,237,12,0,sk_live_1736dc6d,lk_stream_7d1fca83,2023-09-22,cat-7b957e1e,https://syntheticstreamthumbs.com/live/4e1ee860.jpg,2023-09-22,"**""Rev Up Your Ride: Auto Accessories Live!""**

**""Steer Into Savings: Car Parts Live!""**

**""Purrfect for Your Ride: Auto Accessories Live!""**

**""Ignite Your Drive: Car Parts & Accessories Live!""**

**""Maximize Your Ride: Auto Parts Live!""**

**""Cruise into Savings: Car Accessories Live!""**

**""Gear Up: Auto Parts & Accessories Live!""**

**""Unleash Your Ride: Car Parts Live!""**

**""Fuel Your Drive: Auto Accessories Live!""**

**""Shift Into Savings: Car Parts Live!""**","**""Rev Up Your Ride: Auto Accessories Live!""** - Join us for a high-octane shopping experience! We're revving up the savings with a live stream packed with the hottest car accessories, from sleek interior upgrades to the latest in car tech. Get ready to upgrade your ride with exclusive deals and expert insights.

**""Steer Into Savings: Car Parts Live!""** - Get ready to steer into a world of savings! Viewers can expect a comprehensive lineup of essential and performance car parts, with our experts guiding you through the best deals and top-quality brands. This is the perfect opportunity to upgrade your vehicle's performance and safety features.

**""Purrfect for Your Ride: Auto Accessories Live!""** - Looking to purr-fect your ride? We're rolling out a live stream full of stylish and functional car accessories, from custom seat covers to innovative gadgets. Expect to see the latest trends and must-have items that will make your car stand out.

**""Ignite Your Drive: Car Parts & Accessories Live!""** - It's time to ignite your drive with our ultimate live stream event! From high-performance car parts to trendy accessories, we're offering a dynamic shopping experience with unbeatable deals and expert advice.

**""Maximize Your Ride: Auto Parts Live!""** - Join us to maximize your ride with an extensive array of car parts. We'll be featuring everything from essential maintenance items to high-performance upgrades, all at unbeatable prices.

**""Cruise into Savings: Car Accessories Live!""** - Cruise into a world of savings with our live stream! We're showcasing a wide range of car accessories, from practical essentials to stylish upgrades, ensuring there's something for every car enthusiast.

**""Gear Up: Auto Parts & Accessories Live!""** - Gear up for an exhilarating live stream experience! We're offering an unparalleled selection of car parts and accessories, with exclusive deals and expert insights to help you upgrade your ride.

**""Unleash Your Ride: Car Parts Live!""** - Unleash the full potential of your ride with our live stream event! We're featuring a comprehensive range of car parts, from performance upgrades to essential maintenance items, all at incredible prices.

**""Fuel Your Drive: Auto Accessories Live!""** - Fuel your drive with our live stream event! We're showcasing a wide array of stylish and functional car accessories, from practical essentials to cutting-edge gadgets, ensuring there's something for every car enthusiast.

**""Shift Into Savings: Car Parts Live!""** - Shift into savings with our live stream event! We're offering a comprehensive selection of car parts, from essential maintenance items to performance upgrades, all at unbeatable prices."
1,strm-517f43b5,usr-7ffac22b,1,1,2023-09-08,2023-11-10,scheduled,899,99,1,sk_live_ddccab9c,lk_stream_206e682c,2023-11-28,cat-bbe34b7d,https://syntheticstreamthumbs.com/live/ef3737e5.jpg,2023-11-28,"""Ultimate Furniture & Decor Showcase Live!""

""Live Furniture & Decor Extravaganza""

""Furniture & Decor Live Shopping Spree""

""Furniture & Decor: Live and Unbeatable""

""Live Furniture & Decor: Shop Now!""

""Furniture & Decor Live: Design Your Space""

""Live Furniture & Decor: Unmissable Deals""

""Furniture & Decor Live: Transform Your Home""

""Live Furniture & Decor: Shop Till You Drop""

""Furniture & Decor Live: Dream Decor Awaits""","**""Ultimate Furniture & Decor Showcase Live!""**

Get ready to transform your space with our ultimate furniture and decor extravaganza. Join us for an immersive live shopping experience featuring a curated selection of stylish sofas, elegant dining sets, and unique decor accents from top brands. Our expert hosts will guide you through the latest trends, offering exclusive deals and answering your questions in real-time.

**""Furniture & Decor Live Shopping Spree""**

Indulge in a live shopping spree like no other, showcasing an array of trendy furniture and decor items. From chic coffee tables to statement wall art, you'll discover must-have pieces to elevate your home's aesthetic. Don't miss out on our limited-time offers and special discounts.

**""Furniture & Decor: Live and Unbeatable""**

Dive into an unmissable live shopping event featuring a wide range of furniture and decor items at unbeatable prices. Explore modern and classic styles, including cozy armchairs, stylish rugs, and elegant lighting fixtures. Our knowledgeable hosts will help you find the perfect pieces for your space while sharing design tips and tricks.

**""Furniture & Decor Live: Shop Now!""**

Join us for a live shopping event that will make you say, ""I need this in my home!"" From luxurious beds to stylish home office furniture, you'll find everything you need to create a space that reflects your personality. Enjoy exclusive deals, bundle offers, and a chance to win fantastic giveaways.

**""Furniture & Decor Live: Design Your Space""**

Unleash your creativity with our live furniture and decor event, designed to help you create your dream space. Watch as we showcase various room setups, from cozy living rooms to serene bedrooms, featuring a mix of styles and colors. Our experts will provide design advice and share tips on how to maximize your space.

**""Live Furniture & Decor: Unmissable Deals""**

Experience the thrill of live shopping with unmissable deals on furniture and decor items. From trendy accent chairs to beautiful decorative mirrors, you'll find something for every room in your home. Our hosts will guide you through the latest trends and offer exclusive discounts.

**""Furniture & Decor Live: Transform Your Home""**

Transform your home with our live furniture and decor event, featuring a diverse range of items to suit every style. From contemporary sectionals to vintage-inspired decor, you'll discover unique pieces that will make your space truly one-of-a-kind. Join us for expert advice, special offers, and the chance to win exciting prizes.

**""Live Furniture & Decor: Shop Till You Drop""**

Get ready to shop till you drop with our live furniture and decor event, packed with irresistible deals and must-have items. From plush sofas to eye-catching wall decor, you'll find everything you need to create a stylish and inviting home. Our hosts will keep you entertained with fashion shows, design tips, and exclusive discounts.

**""Furniture & Decor Live: Dream Decor Awaits""**

Step into a world of dream decor with our live furniture and decor event, featuring an extensive collection of stylish and functional pieces. From chic bedroom sets to trendy living room furniture, you'll find inspiration for every room in your home. Join us for expert advice, special offers, and the chance to win fantastic giveaways."
